㑯,kSimplifiedVariant,㑔
㑳,kSimplifiedVariant,㑇
㒓,kSimplifiedVariant,𠉂
㓨,kSimplifiedVariant,刾
㗲,kSimplifiedVariant,𠵾
㘚,kSimplifiedVariant,㘎
㜄,kSimplifiedVariant,㚯
㜏,kSimplifiedVariant,㛣
㜢,kSimplifiedVariant,𡞱
㜷,kSimplifiedVariant,𡝠
㞞,kSimplifiedVariant,𪨊
㠏,kSimplifiedVariant,㟆
㢝,kSimplifiedVariant,𢋈
㥮,kSimplifiedVariant,㤘
㦎,kSimplifiedVariant,𢛯
㩜,kSimplifiedVariant,㨫
㩳,kSimplifiedVariant,㧐
㷿,kSimplifiedVariant,𤈷
㺏,kSimplifiedVariant,𤠋
㿧,kSimplifiedVariant,𤽯
䀹,kSimplifiedVariant,𥅴
䁪,kSimplifiedVariant,𥇢
䁻,kSimplifiedVariant,䀥
䉙,kSimplifiedVariant,𥬀
䉬,kSimplifiedVariant,𫂈
䉲,kSimplifiedVariant,𥮜
䊭,kSimplifiedVariant,𥺅
䊷,kSimplifiedVariant,䌶
䋙,kSimplifiedVariant,䌺
䋚,kSimplifiedVariant,䌻
䋻,kSimplifiedVariant,䌾
䋿,kSimplifiedVariant,𦈓
䌈,kSimplifiedVariant,𦈖
䌋,kSimplifiedVariant,𦈘
䌖,kSimplifiedVariant,𦈜
䌝,kSimplifiedVariant,𦈟
䌟,kSimplifiedVariant,𦈞
䌥,kSimplifiedVariant,𦈠
䌰,kSimplifiedVariant,𦈙
䕳,kSimplifiedVariant,𦰴
䗿,kSimplifiedVariant,𧉞
䙡,kSimplifiedVariant,䙌
䜀,kSimplifiedVariant,䜧
䝻,kSimplifiedVariant,𧹕
䝼,kSimplifiedVariant,䞍
䞈,kSimplifiedVariant,𧹑
䢨,kSimplifiedVariant,𨑹
䥇,kSimplifiedVariant,䦂
䥩,kSimplifiedVariant,𨱖
䥱,kSimplifiedVariant,䥾
䦘,kSimplifiedVariant,𨸄
䦛,kSimplifiedVariant,䦶
䦟,kSimplifiedVariant,䦷
䦳,kSimplifiedVariant,𨷿
䧢,kSimplifiedVariant,𨸟
䪏,kSimplifiedVariant,𩏼
䪗,kSimplifiedVariant,𩐀
䪘,kSimplifiedVariant,𩏿
䫴,kSimplifiedVariant,𩖗
䬘,kSimplifiedVariant,𩙮
䬝,kSimplifiedVariant,𩙯
䬞,kSimplifiedVariant,𩙧
䭀,kSimplifiedVariant,𩠇
䭃,kSimplifiedVariant,𩠈
䭿,kSimplifiedVariant,𩧭
䮝,kSimplifiedVariant,𩧰
䮞,kSimplifiedVariant,𩨁
䮠,kSimplifiedVariant,𩧿
䮫,kSimplifiedVariant,𩨇
䮳,kSimplifiedVariant,𩨏
䮾,kSimplifiedVariant,𩧪
䯀,kSimplifiedVariant,䯅
䰾,kSimplifiedVariant,鲃
䱙,kSimplifiedVariant,𩾈
䱬,kSimplifiedVariant,𩾊
䱰,kSimplifiedVariant,𩾋
䱷,kSimplifiedVariant,䲣
䱽,kSimplifiedVariant,䲝
䲁,kSimplifiedVariant,鳚
䲖,kSimplifiedVariant,𩾂
䲰,kSimplifiedVariant,𪉂
䴬,kSimplifiedVariant,鹮
䴬,kSimplifiedVariant,𪎈
䴴,kSimplifiedVariant,𪎋
丟,kSimplifiedVariant,丢
並,kSimplifiedVariant,并
乾,kSimplifiedVariant,干
亂,kSimplifiedVariant,乱
亞,kSimplifiedVariant,亚
佇,kSimplifiedVariant,伫
余,kSimplifiedVariant,余
併,kSimplifiedVariant,并
來,kSimplifiedVariant,来
侖,kSimplifiedVariant,仑
侶,kSimplifiedVariant,侣
俁,kSimplifiedVariant,俣
係,kSimplifiedVariant,系
俔,kSimplifiedVariant,伣
俠,kSimplifiedVariant,侠
俥,kSimplifiedVariant,伡
倀,kSimplifiedVariant,伥
倆,kSimplifiedVariant,俩
倈,kSimplifiedVariant,俫
倬,kSimplifiedVariant,仓
個,kSimplifiedVariant,个
們,kSimplifiedVariant,们
倫,kSimplifiedVariant,伦
倲,kSimplifiedVariant,㑈
偉,kSimplifiedVariant,伟
偑,kSimplifiedVariant,㐽
側,kSimplifiedVariant,侧
偵,kSimplifiedVariant,侦
偽,kSimplifiedVariant,伪
傑,kSimplifiedVariant,杰
傖,kSimplifiedVariant,伧
傘,kSimplifiedVariant,伞
備,kSimplifiedVariant,备
傭,kSimplifiedVariant,佣
傯,kSimplifiedVariant,偬
傳,kSimplifiedVariant,传
傴,kSimplifiedVariant,伛
債,kSimplifiedVariant,债
傷,kSimplifiedVariant,伤
傾,kSimplifiedVariant,倾
僂,kSimplifiedVariant,偻
僅,kSimplifiedVariant,仅
僉,kSimplifiedVariant,佥
僑,kSimplifiedVariant,侨
僕,kSimplifiedVariant,仆
僞,kSimplifiedVariant,伪
僥,kSimplifiedVariant,侥
僨,kSimplifiedVariant,偾
價,kSimplifiedVariant,价
儀,kSimplifiedVariant,仪
儂,kSimplifiedVariant,侬
億,kSimplifiedVariant,亿
儈,kSimplifiedVariant,侩
儬,kSimplifiedVariant,俭
儐,kSimplifiedVariant,傧
儔,kSimplifiedVariant,俦
儕,kSimplifiedVariant,侪
儘,kSimplifiedVariant,尽
償,kSimplifiedVariant,偿
儣,kSimplifiedVariant,𠆲
優,kSimplifiedVariant,优
儲,kSimplifiedVariant,储
儷,kSimplifiedVariant,俪
儸,kSimplifiedVariant,㑩
儺,kSimplifiedVariant,傩
儻,kSimplifiedVariant,傥
儼,kSimplifiedVariant,俨
兌,kSimplifiedVariant,兑
兒,kSimplifiedVariant,儿
兗,kSimplifiedVariant,兖
內,kSimplifiedVariant,内
兩,kSimplifiedVariant,两
冊,kSimplifiedVariant,册
冪,kSimplifiedVariant,幂
凈,kSimplifiedVariant,净
凍,kSimplifiedVariant,冻
凙,kSimplifiedVariant,𪞝
凜,kSimplifiedVariant,凛
凱,kSimplifiedVariant,凯
別,kSimplifiedVariant,别
刪,kSimplifiedVariant,删
剄,kSimplifiedVariant,刭
則,kSimplifiedVariant,则
剋,kSimplifiedVariant,克
剎,kSimplifiedVariant,刹
剗,kSimplifiedVariant,刬
剛,kSimplifiedVariant,刚
剝,kSimplifiedVariant,剥
剮,kSimplifiedVariant,剐
剴,kSimplifiedVariant,剀
創,kSimplifiedVariant,创
剾,kSimplifiedVariant,𠛅
劃,kSimplifiedVariant,划
劇,kSimplifiedVariant,剧
劉,kSimplifiedVariant,刘
劊,kSimplifiedVariant,刽
劌,kSimplifiedVariant,刿
劍,kSimplifiedVariant,剑
劏,kSimplifiedVariant,㓥
劑,kSimplifiedVariant,剂
劚,kSimplifiedVariant,㔬
勁,kSimplifiedVariant,劲
動,kSimplifiedVariant,动
務,kSimplifiedVariant,务
勛,kSimplifiedVariant,勋
勝,kSimplifiedVariant,胜
勞,kSimplifiedVariant,劳
勢,kSimplifiedVariant,势
勩,kSimplifiedVariant,勚
勱,kSimplifiedVariant,劢
勵,kSimplifiedVariant,励
勸,kSimplifiedVariant,劝
勻,kSimplifiedVariant,匀
匭,kSimplifiedVariant,匦
匯,kSimplifiedVariant,汇
匱,kSimplifiedVariant,匮
區,kSimplifiedVariant,区
協,kSimplifiedVariant,协
卻,kSimplifiedVariant,却
厙,kSimplifiedVariant,厍
厭,kSimplifiedVariant,厌
厲,kSimplifiedVariant,厉
厴,kSimplifiedVariant,厣
參,kSimplifiedVariant,参
叄,kSimplifiedVariant,叁
叢,kSimplifiedVariant,丛
台,kSimplifiedVariant,台
后,kSimplifiedVariant,后
吒,kSimplifiedVariant,咤
吳,kSimplifiedVariant,吴
吶,kSimplifiedVariant,呐
呂,kSimplifiedVariant,吕
咼,kSimplifiedVariant,呙
員,kSimplifiedVariant,员
哯,kSimplifiedVariant,𠯟
唄,kSimplifiedVariant,呗
唚,kSimplifiedVariant,吣
問,kSimplifiedVariant,问
啞,kSimplifiedVariant,哑
啟,kSimplifiedVariant,启
啢,kSimplifiedVariant,唡
喎,kSimplifiedVariant,㖞
喚,kSimplifiedVariant,唤
喪,kSimplifiedVariant,丧
喬,kSimplifiedVariant,乔
單,kSimplifiedVariant,单
喲,kSimplifiedVariant,哟
嗆,kSimplifiedVariant,呛
嗇,kSimplifiedVariant,啬
嗊,kSimplifiedVariant,唝
嗎,kSimplifiedVariant,吗
嗚,kSimplifiedVariant,呜
嗩,kSimplifiedVariant,唢
嗶,kSimplifiedVariant,哔
嗹,kSimplifiedVariant,𪡏
嘆,kSimplifiedVariant,叹
嘍,kSimplifiedVariant,喽
嘓,kSimplifiedVariant,啯
嘔,kSimplifiedVariant,呕
嘖,kSimplifiedVariant,啧
嘗,kSimplifiedVariant,尝
嘜,kSimplifiedVariant,唛
嘩,kSimplifiedVariant,哗
嘮,kSimplifiedVariant,唠
嘯,kSimplifiedVariant,啸
嘰,kSimplifiedVariant,叽
嘵,kSimplifiedVariant,哓
嘸,kSimplifiedVariant,呒
嘽,kSimplifiedVariant,啴
噅,kSimplifiedVariant,𠯠
噓,kSimplifiedVariant,嘘
噚,kSimplifiedVariant,㖊
噝,kSimplifiedVariant,咝
噠,kSimplifiedVariant,哒
噥,kSimplifiedVariant,哝
噦,kSimplifiedVariant,哕
噯,kSimplifiedVariant,嗳
噲,kSimplifiedVariant,哙
噴,kSimplifiedVariant,喷
噸,kSimplifiedVariant,吨
噹,kSimplifiedVariant,当
嚀,kSimplifiedVariant,咛
嚇,kSimplifiedVariant,吓
嚌,kSimplifiedVariant,哜
嚕,kSimplifiedVariant,噜
嚙,kSimplifiedVariant,啮
嚦,kSimplifiedVariant,呖
嚨,kSimplifiedVariant,咙
嚲,kSimplifiedVariant,亸
嚳,kSimplifiedVariant,喾
嚴,kSimplifiedVariant,严
嚶,kSimplifiedVariant,嘤
囀,kSimplifiedVariant,啭
囁,kSimplifiedVariant,嗫
囂,kSimplifiedVariant,嚣
囅,kSimplifiedVariant,冁
囈,kSimplifiedVariant,呓
囉,kSimplifiedVariant,啰
囑,kSimplifiedVariant,嘱
囪,kSimplifiedVariant,囱
圇,kSimplifiedVariant,囵
國,kSimplifiedVariant,国
圍,kSimplifiedVariant,围
園,kSimplifiedVariant,园
圓,kSimplifiedVariant,圆
圖,kSimplifiedVariant,图
團,kSimplifiedVariant,团
圞,kSimplifiedVariant,𪢮
垵,kSimplifiedVariant,埯
埡,kSimplifiedVariant,垭
埰,kSimplifiedVariant,采
執,kSimplifiedVariant,执
堅,kSimplifiedVariant,坚
堊,kSimplifiedVariant,垩
堖,kSimplifiedVariant,垴
堝,kSimplifiedVariant,埚
堯,kSimplifiedVariant,尧
報,kSimplifiedVariant,报
場,kSimplifiedVariant,场
塊,kSimplifiedVariant,块
塋,kSimplifiedVariant,茔
塏,kSimplifiedVariant,垲
塒,kSimplifiedVariant,埘
塗,kSimplifiedVariant,涂
塢,kSimplifiedVariant,坞
塤,kSimplifiedVariant,埙
塵,kSimplifiedVariant,尘
塹,kSimplifiedVariant,堑
墊,kSimplifiedVariant,垫
墜,kSimplifiedVariant,坠
墮,kSimplifiedVariant,堕
墳,kSimplifiedVariant,坟
墾,kSimplifiedVariant,垦
壇,kSimplifiedVariant,坛
壈,kSimplifiedVariant,𡒄
壋,kSimplifiedVariant,垱
壓,kSimplifiedVariant,压
壘,kSimplifiedVariant,垒
壙,kSimplifiedVariant,圹
壚,kSimplifiedVariant,垆
壞,kSimplifiedVariant,坏
壟,kSimplifiedVariant,垄
壠,kSimplifiedVariant,垅
壢,kSimplifiedVariant,坜
壩,kSimplifiedVariant,坝
壯,kSimplifiedVariant,壮
壺,kSimplifiedVariant,壶
壼,kSimplifiedVariant,壸
壽,kSimplifiedVariant,寿
夠,kSimplifiedVariant,够
夢,kSimplifiedVariant,梦
夾,kSimplifiedVariant,夹
奐,kSimplifiedVariant,奂
奧,kSimplifiedVariant,奥
奩,kSimplifiedVariant,奁
奪,kSimplifiedVariant,夺
奮,kSimplifiedVariant,奋
奼,kSimplifiedVariant,姹
妝,kSimplifiedVariant,妆
姍,kSimplifiedVariant,姗
姦,kSimplifiedVariant,奸
娛,kSimplifiedVariant,娱
婁,kSimplifiedVariant,娄
婦,kSimplifiedVariant,妇
婭,kSimplifiedVariant,娅
媧,kSimplifiedVariant,娲
媯,kSimplifiedVariant,妫
媰,kSimplifiedVariant,㛀
媼,kSimplifiedVariant,媪
媽,kSimplifiedVariant,妈
嫗,kSimplifiedVariant,妪
嫵,kSimplifiedVariant,妩
嫻,kSimplifiedVariant,娴
嫿,kSimplifiedVariant,婳
嬃,kSimplifiedVariant,媭
嬈,kSimplifiedVariant,娆
嬋,kSimplifiedVariant,婵
嬌,kSimplifiedVariant,娇
嬙,kSimplifiedVariant,嫱
嬡,kSimplifiedVariant,嫒
嬤,kSimplifiedVariant,嬷
嬪,kSimplifiedVariant,嫔
嬰,kSimplifiedVariant,婴
嬸,kSimplifiedVariant,婶
孋,kSimplifiedVariant,㛤
孌,kSimplifiedVariant,娈
孫,kSimplifiedVariant,孙
學,kSimplifiedVariant,学
孿,kSimplifiedVariant,孪
宮,kSimplifiedVariant,宫
寢,kSimplifiedVariant,寝
實,kSimplifiedVariant,实
寧,kSimplifiedVariant,宁
審,kSimplifiedVariant,审
寫,kSimplifiedVariant,写
寬,kSimplifiedVariant,宽
寵,kSimplifiedVariant,宠
寶,kSimplifiedVariant,宝
將,kSimplifiedVariant,将
專,kSimplifiedVariant,专
尋,kSimplifiedVariant,寻
對,kSimplifiedVariant,对
導,kSimplifiedVariant,导
尷,kSimplifiedVariant,尴
屆,kSimplifiedVariant,届
屍,kSimplifiedVariant,尸
屓,kSimplifiedVariant,屃
屜,kSimplifiedVariant,屉
屢,kSimplifiedVariant,屡
層,kSimplifiedVariant,层
屨,kSimplifiedVariant,屦
屩,kSimplifiedVariant,𪨗
屬,kSimplifiedVariant,属
岡,kSimplifiedVariant,冈
峴,kSimplifiedVariant,岘
島,kSimplifiedVariant,岛
峽,kSimplifiedVariant,峡
崍,kSimplifiedVariant,崃
崗,kSimplifiedVariant,岗
崢,kSimplifiedVariant,峥
崬,kSimplifiedVariant,岽
嵐,kSimplifiedVariant,岚
嵼,kSimplifiedVariant,𡶴
嶁,kSimplifiedVariant,嵝
嶄,kSimplifiedVariant,崭
嶇,kSimplifiedVariant,岖
嶔,kSimplifiedVariant,嵚
嶗,kSimplifiedVariant,崂
嶠,kSimplifiedVariant,峤
嶢,kSimplifiedVariant,峣
嶧,kSimplifiedVariant,峄
嶮,kSimplifiedVariant,崄
嶴,kSimplifiedVariant,岙
嶸,kSimplifiedVariant,嵘
嶺,kSimplifiedVariant,岭
嶼,kSimplifiedVariant,屿
巋,kSimplifiedVariant,岿
巒,kSimplifiedVariant,峦
巔,kSimplifiedVariant,巅
巰,kSimplifiedVariant,巯
帥,kSimplifiedVariant,帅
師,kSimplifiedVariant,师
帳,kSimplifiedVariant,帐
帶,kSimplifiedVariant,带
幀,kSimplifiedVariant,帧
幃,kSimplifiedVariant,帏
幗,kSimplifiedVariant,帼
幘,kSimplifiedVariant,帻
幟,kSimplifiedVariant,帜
幣,kSimplifiedVariant,币
幫,kSimplifiedVariant,帮
幬,kSimplifiedVariant,帱
幹,kSimplifiedVariant,干
幺,kSimplifiedVariant,么
幾,kSimplifiedVariant,几
庫,kSimplifiedVariant,库
廁,kSimplifiedVariant,厕
廂,kSimplifiedVariant,厢
廄,kSimplifiedVariant,厩
廈,kSimplifiedVariant,厦
廚,kSimplifiedVariant,厨
廝,kSimplifiedVariant,厮
廟,kSimplifiedVariant,庙
廠,kSimplifiedVariant,厂
廡,kSimplifiedVariant,庑
廢,kSimplifiedVariant,废
廣,kSimplifiedVariant,广
廩,kSimplifiedVariant,廪
廬,kSimplifiedVariant,庐
廳,kSimplifiedVariant,厅
弒,kSimplifiedVariant,弑
弳,kSimplifiedVariant,弪
張,kSimplifiedVariant,张
強,kSimplifiedVariant,强
彈,kSimplifiedVariant,弹
彌,kSimplifiedVariant,弥
彎,kSimplifiedVariant,弯
彙,kSimplifiedVariant,汇
彞,kSimplifiedVariant,彝
彠,kSimplifiedVariant,彟
彥,kSimplifiedVariant,彦
彲,kSimplifiedVariant,彨
征,kSimplifiedVariant,征
後,kSimplifiedVariant,后
徑,kSimplifiedVariant,径
從,kSimplifiedVariant,从
徠,kSimplifiedVariant,徕
復,kSimplifiedVariant,复
徵,kSimplifiedVariant,征;徵
徹,kSimplifiedVariant,彻
志,kSimplifiedVariant,志
恆,kSimplifiedVariant,恒
恥,kSimplifiedVariant,耻
悅,kSimplifiedVariant,悦
悞,kSimplifiedVariant,悮
悵,kSimplifiedVariant,怅
悶,kSimplifiedVariant,闷
惡,kSimplifiedVariant,恶
惱,kSimplifiedVariant,恼
惲,kSimplifiedVariant,恽
惻,kSimplifiedVariant,恻
愛,kSimplifiedVariant,爱
愜,kSimplifiedVariant,惬
愨,kSimplifiedVariant,悫
愴,kSimplifiedVariant,怆
愷,kSimplifiedVariant,恺
愾,kSimplifiedVariant,忾
愿,kSimplifiedVariant,愿
慄,kSimplifiedVariant,栗
態,kSimplifiedVariant,态
慍,kSimplifiedVariant,愠
慘,kSimplifiedVariant,惨
慚,kSimplifiedVariant,惭
慟,kSimplifiedVariant,恸
慣,kSimplifiedVariant,惯
慪,kSimplifiedVariant,怄
慫,kSimplifiedVariant,怂
慮,kSimplifiedVariant,虑
慳,kSimplifiedVariant,悭
慶,kSimplifiedVariant,庆
憂,kSimplifiedVariant,忧
憊,kSimplifiedVariant,惫
憐,kSimplifiedVariant,怜
憑,kSimplifiedVariant,凭
憒,kSimplifiedVariant,愦
憚,kSimplifiedVariant,惮
憤,kSimplifiedVariant,愤
憫,kSimplifiedVariant,悯
憮,kSimplifiedVariant,怃
憲,kSimplifiedVariant,宪
憶,kSimplifiedVariant,忆
懀,kSimplifiedVariant,𢙓
懇,kSimplifiedVariant,恳
應,kSimplifiedVariant,应
懌,kSimplifiedVariant,怿
懍,kSimplifiedVariant,懔
懟,kSimplifiedVariant,怼
懣,kSimplifiedVariant,懑
懨,kSimplifiedVariant,恹
懲,kSimplifiedVariant,惩
懶,kSimplifiedVariant,懒
懷,kSimplifiedVariant,怀
懸,kSimplifiedVariant,悬
懺,kSimplifiedVariant,忏
懼,kSimplifiedVariant,惧
懾,kSimplifiedVariant,慑
戀,kSimplifiedVariant,恋
戇,kSimplifiedVariant,戆
戔,kSimplifiedVariant,戋
戧,kSimplifiedVariant,戗
戩,kSimplifiedVariant,戬
戰,kSimplifiedVariant,战
戱,kSimplifiedVariant,戯
戲,kSimplifiedVariant,戏
戶,kSimplifiedVariant,户
拋,kSimplifiedVariant,抛
挩,kSimplifiedVariant,捝
挾,kSimplifiedVariant,挟
捨,kSimplifiedVariant,舍
捫,kSimplifiedVariant,扪
掃,kSimplifiedVariant,扫
掄,kSimplifiedVariant,抡
掆,kSimplifiedVariant,㧏
掗,kSimplifiedVariant,挜
掙,kSimplifiedVariant,挣
掛,kSimplifiedVariant,挂
採,kSimplifiedVariant,采
揀,kSimplifiedVariant,拣
揚,kSimplifiedVariant,扬
換,kSimplifiedVariant,换
揮,kSimplifiedVariant,挥
損,kSimplifiedVariant,损
搖,kSimplifiedVariant,摇
搗,kSimplifiedVariant,捣
搵,kSimplifiedVariant,揾
搶,kSimplifiedVariant,抢
摋,kSimplifiedVariant,𢫬
摑,kSimplifiedVariant,掴
摜,kSimplifiedVariant,掼
摟,kSimplifiedVariant,搂
摯,kSimplifiedVariant,挚
摳,kSimplifiedVariant,抠
摶,kSimplifiedVariant,抟
摻,kSimplifiedVariant,掺
撈,kSimplifiedVariant,捞
撏,kSimplifiedVariant,挦
撐,kSimplifiedVariant,撑
撓,kSimplifiedVariant,挠
撝,kSimplifiedVariant,㧑
撟,kSimplifiedVariant,挢
撣,kSimplifiedVariant,掸
撥,kSimplifiedVariant,拨
撫,kSimplifiedVariant,抚
撲,kSimplifiedVariant,扑
撳,kSimplifiedVariant,揿
撻,kSimplifiedVariant,挞
撾,kSimplifiedVariant,挝
撿,kSimplifiedVariant,捡
擁,kSimplifiedVariant,拥
擄,kSimplifiedVariant,掳
擇,kSimplifiedVariant,择
擊,kSimplifiedVariant,击
擋,kSimplifiedVariant,挡
擓,kSimplifiedVariant,㧟
擔,kSimplifiedVariant,担
據,kSimplifiedVariant,据
擠,kSimplifiedVariant,挤
擣,kSimplifiedVariant,𢭏
擬,kSimplifiedVariant,拟
擯,kSimplifiedVariant,摈
擰,kSimplifiedVariant,拧
擱,kSimplifiedVariant,搁
擲,kSimplifiedVariant,掷
擴,kSimplifiedVariant,扩
擷,kSimplifiedVariant,撷
擺,kSimplifiedVariant,摆
擻,kSimplifiedVariant,擞
擼,kSimplifiedVariant,撸
擽,kSimplifiedVariant,㧰
擾,kSimplifiedVariant,扰
攄,kSimplifiedVariant,摅
攆,kSimplifiedVariant,撵
攏,kSimplifiedVariant,拢
攔,kSimplifiedVariant,拦
攖,kSimplifiedVariant,撄
攙,kSimplifiedVariant,搀
攛,kSimplifiedVariant,撺
攜,kSimplifiedVariant,携
攝,kSimplifiedVariant,摄
攢,kSimplifiedVariant,攒
攣,kSimplifiedVariant,挛
攤,kSimplifiedVariant,摊
攪,kSimplifiedVariant,搅
攬,kSimplifiedVariant,揽
敗,kSimplifiedVariant,败
敘,kSimplifiedVariant,叙
敵,kSimplifiedVariant,敌
數,kSimplifiedVariant,数
斂,kSimplifiedVariant,敛
斃,kSimplifiedVariant,毙
斅,kSimplifiedVariant,𢽾
斆,kSimplifiedVariant,敩
斕,kSimplifiedVariant,斓
斬,kSimplifiedVariant,斩
斷,kSimplifiedVariant,断
於,kSimplifiedVariant,于
時,kSimplifiedVariant,时
晉,kSimplifiedVariant,晋
晝,kSimplifiedVariant,昼
暈,kSimplifiedVariant,晕
暉,kSimplifiedVariant,晖
暘,kSimplifiedVariant,旸
暢,kSimplifiedVariant,畅
暫,kSimplifiedVariant,暂
曄,kSimplifiedVariant,晔
曆,kSimplifiedVariant,历
曇,kSimplifiedVariant,昙
曉,kSimplifiedVariant,晓
曏,kSimplifiedVariant,向
曖,kSimplifiedVariant,暧
曠,kSimplifiedVariant,旷
曥,kSimplifiedVariant,𣆐
曨,kSimplifiedVariant,昽
曬,kSimplifiedVariant,晒
書,kSimplifiedVariant,书
會,kSimplifiedVariant,会
朥,kSimplifiedVariant,𦛨
朧,kSimplifiedVariant,胧
東,kSimplifiedVariant,东
杴,kSimplifiedVariant,锨
极,kSimplifiedVariant,极
柵,kSimplifiedVariant,栅
桿,kSimplifiedVariant,杆
梔,kSimplifiedVariant,栀
梘,kSimplifiedVariant,枧
條,kSimplifiedVariant,条
梟,kSimplifiedVariant,枭
梲,kSimplifiedVariant,棁
棄,kSimplifiedVariant,弃
棖,kSimplifiedVariant,枨
棗,kSimplifiedVariant,枣
棟,kSimplifiedVariant,栋
棡,kSimplifiedVariant,㭎
棧,kSimplifiedVariant,栈
棲,kSimplifiedVariant,栖
棶,kSimplifiedVariant,梾
椏,kSimplifiedVariant,桠
椲,kSimplifiedVariant,㭏
楊,kSimplifiedVariant,杨
楓,kSimplifiedVariant,枫
楨,kSimplifiedVariant,桢
業,kSimplifiedVariant,业
極,kSimplifiedVariant,极
榪,kSimplifiedVariant,杩
榮,kSimplifiedVariant,荣
榲,kSimplifiedVariant,榅
榿,kSimplifiedVariant,桤
構,kSimplifiedVariant,构
槍,kSimplifiedVariant,枪
槤,kSimplifiedVariant,梿
槧,kSimplifiedVariant,椠
槨,kSimplifiedVariant,椁
槳,kSimplifiedVariant,桨
槶,kSimplifiedVariant,椢
槼,kSimplifiedVariant,椝
樁,kSimplifiedVariant,桩
樂,kSimplifiedVariant,乐
樅,kSimplifiedVariant,枞
樓,kSimplifiedVariant,楼
標,kSimplifiedVariant,标
樞,kSimplifiedVariant,枢
樢,kSimplifiedVariant,㭤
樣,kSimplifiedVariant,样
樫,kSimplifiedVariant,㭴
樳,kSimplifiedVariant,桪
樸,kSimplifiedVariant,朴
樹,kSimplifiedVariant,树
樺,kSimplifiedVariant,桦
樿,kSimplifiedVariant,椫
橈,kSimplifiedVariant,桡
橋,kSimplifiedVariant,桥
機,kSimplifiedVariant,机
橢,kSimplifiedVariant,椭
橫,kSimplifiedVariant,横
檁,kSimplifiedVariant,檩
檉,kSimplifiedVariant,柽
檔,kSimplifiedVariant,档
檜,kSimplifiedVariant,桧
檟,kSimplifiedVariant,槚
檢,kSimplifiedVariant,检
檣,kSimplifiedVariant,樯
檭,kSimplifiedVariant,𣘴
檮,kSimplifiedVariant,梼
檯,kSimplifiedVariant,台
檳,kSimplifiedVariant,槟
檸,kSimplifiedVariant,柠
檻,kSimplifiedVariant,槛
櫃,kSimplifiedVariant,柜
櫓,kSimplifiedVariant,橹
櫚,kSimplifiedVariant,榈
櫛,kSimplifiedVariant,栬
櫝,kSimplifiedVariant,椟
櫞,kSimplifiedVariant,橼
櫟,kSimplifiedVariant,栎
櫥,kSimplifiedVariant,橱
櫧,kSimplifiedVariant,槠
櫨,kSimplifiedVariant,栌
櫪,kSimplifiedVariant,枥
櫫,kSimplifiedVariant,橥
櫬,kSimplifiedVariant,榇
櫱,kSimplifiedVariant,蘖
櫳,kSimplifiedVariant,栊
櫸,kSimplifiedVariant,榉
櫻,kSimplifiedVariant,樱
欄,kSimplifiedVariant,栏
權,kSimplifiedVariant,权
欍,kSimplifiedVariant,𣐤
欏,kSimplifiedVariant,椤
欒,kSimplifiedVariant,栾
欓,kSimplifiedVariant,𣗋
欖,kSimplifiedVariant,榄
欞,kSimplifiedVariant,棂
欽,kSimplifiedVariant,钦
歐,kSimplifiedVariant,欧
歟,kSimplifiedVariant,欤
歡,kSimplifiedVariant,欢
歲,kSimplifiedVariant,岁
歷,kSimplifiedVariant,历
歸,kSimplifiedVariant,归
歿,kSimplifiedVariant,殁
殘,kSimplifiedVariant,残
殞,kSimplifiedVariant,殒
殤,kSimplifiedVariant,殇
殨,kSimplifiedVariant,㱮
殫,kSimplifiedVariant,殚
殮,kSimplifiedVariant,殓
殯,kSimplifiedVariant,殡
殰,kSimplifiedVariant,㱩
殲,kSimplifiedVariant,歼
殺,kSimplifiedVariant,杀
殼,kSimplifiedVariant,壳
毀,kSimplifiedVariant,毁
毆,kSimplifiedVariant,殴
毿,kSimplifiedVariant,毵
氂,kSimplifiedVariant,牦
氈,kSimplifiedVariant,毡
氌,kSimplifiedVariant,氇
氣,kSimplifiedVariant,气
氫,kSimplifiedVariant,氢
氬,kSimplifiedVariant,氩
氳,kSimplifiedVariant,氲
決,kSimplifiedVariant,决
沒,kSimplifiedVariant,没
沖,kSimplifiedVariant,冲
況,kSimplifiedVariant,况
洶,kSimplifiedVariant,汹
浹,kSimplifiedVariant,浃
涇,kSimplifiedVariant,泾
涼,kSimplifiedVariant,凉
淚,kSimplifiedVariant,泪
淥,kSimplifiedVariant,渌
淪,kSimplifiedVariant,沦
淵,kSimplifiedVariant,渊
淶,kSimplifiedVariant,涞
淺,kSimplifiedVariant,浅
渙,kSimplifiedVariant,涣
減,kSimplifiedVariant,减
渢,kSimplifiedVariant,沨
渦,kSimplifiedVariant,涡
測,kSimplifiedVariant,测
渾,kSimplifiedVariant,浑
湊,kSimplifiedVariant,凑
湞,kSimplifiedVariant,浈
湯,kSimplifiedVariant,汤
溈,kSimplifiedVariant,沩
準,kSimplifiedVariant,准
溝,kSimplifiedVariant,沟
溫,kSimplifiedVariant,温
溳,kSimplifiedVariant,涢
滄,kSimplifiedVariant,沧
滅,kSimplifiedVariant,灭
滌,kSimplifiedVariant,涤
滎,kSimplifiedVariant,荥
滬,kSimplifiedVariant,沪
滯,kSimplifiedVariant,滞
滲,kSimplifiedVariant,渗
滸,kSimplifiedVariant,浒
滻,kSimplifiedVariant,浐
滾,kSimplifiedVariant,滚
滿,kSimplifiedVariant,满
漁,kSimplifiedVariant,渔
漊,kSimplifiedVariant,溇
漚,kSimplifiedVariant,沤
漢,kSimplifiedVariant,汉
漣,kSimplifiedVariant,涟
漬,kSimplifiedVariant,渍
漲,kSimplifiedVariant,涨
漵,kSimplifiedVariant,溆
漸,kSimplifiedVariant,渐
漿,kSimplifiedVariant,浆
潁,kSimplifiedVariant,颍
潑,kSimplifiedVariant,泼
潔,kSimplifiedVariant,洁
潛,kSimplifiedVariant,潜
潤,kSimplifiedVariant,润
潯,kSimplifiedVariant,浔
潰,kSimplifiedVariant,溃
潷,kSimplifiedVariant,滗
潿,kSimplifiedVariant,涠
澀,kSimplifiedVariant,涩
澅,kSimplifiedVariant,𣶩
澆,kSimplifiedVariant,浇
澇,kSimplifiedVariant,涝
澗,kSimplifiedVariant,涧
澠,kSimplifiedVariant,渑
澤,kSimplifiedVariant,泽
澦,kSimplifiedVariant,滪
澩,kSimplifiedVariant,泶
澮,kSimplifiedVariant,浍
澱,kSimplifiedVariant,淀
澾,kSimplifiedVariant,㳠
濁,kSimplifiedVariant,浊
濃,kSimplifiedVariant,浓
濄,kSimplifiedVariant,㳡
濆,kSimplifiedVariant,𣸣
濕,kSimplifiedVariant,湿
濘,kSimplifiedVariant,泞
濜,kSimplifiedVariant,浕
濟,kSimplifiedVariant,济
濤,kSimplifiedVariant,涛
濧,kSimplifiedVariant,㳔
濫,kSimplifiedVariant,滥
濰,kSimplifiedVariant,潍
濱,kSimplifiedVariant,滨
濺,kSimplifiedVariant,溅
濼,kSimplifiedVariant,泺
濾,kSimplifiedVariant,滤
瀂,kSimplifiedVariant,澛
瀃,kSimplifiedVariant,𣽷
瀅,kSimplifiedVariant,滢
瀆,kSimplifiedVariant,渎
瀇,kSimplifiedVariant,㲿
瀬,kSimplifiedVariant,泻
瀋,kSimplifiedVariant,沈
瀏,kSimplifiedVariant,浏
瀕,kSimplifiedVariant,濒
瀘,kSimplifiedVariant,泸
瀝,kSimplifiedVariant,沥
瀟,kSimplifiedVariant,潇
瀠,kSimplifiedVariant,潆
瀦,kSimplifiedVariant,潴
瀧,kSimplifiedVariant,泷
瀨,kSimplifiedVariant,濑
瀰,kSimplifiedVariant,㳽
瀲,kSimplifiedVariant,潋
瀾,kSimplifiedVariant,澜
灃,kSimplifiedVariant,沣
灄,kSimplifiedVariant,滠
灑,kSimplifiedVariant,洒
灕,kSimplifiedVariant,漓
灘,kSimplifiedVariant,滩
灙,kSimplifiedVariant,𣺼
灝,kSimplifiedVariant,灏
灠,kSimplifiedVariant,漤
灡,kSimplifiedVariant,㳕
灣,kSimplifiedVariant,湾
灤,kSimplifiedVariant,滦
灧,kSimplifiedVariant,滟
災,kSimplifiedVariant,灾
為,kSimplifiedVariant,为
烏,kSimplifiedVariant,乌
烴,kSimplifiedVariant,烃
無,kSimplifiedVariant,无
煉,kSimplifiedVariant,炼
煒,kSimplifiedVariant,炜
煙,kSimplifiedVariant,烟
煢,kSimplifiedVariant,茕
煥,kSimplifiedVariant,焕
煩,kSimplifiedVariant,烦
煬,kSimplifiedVariant,炀
煱,kSimplifiedVariant,㶽
熅,kSimplifiedVariant,煴
熉,kSimplifiedVariant,𤈶
熌,kSimplifiedVariant,𤇄
熒,kSimplifiedVariant,荧
熓,kSimplifiedVariant,𤆡
熗,kSimplifiedVariant,炝
熡,kSimplifiedVariant,𤋏
熱,kSimplifiedVariant,热
熲,kSimplifiedVariant,颎
熾,kSimplifiedVariant,炽
燁,kSimplifiedVariant,烨
燈,kSimplifiedVariant,灯
燒,kSimplifiedVariant,烧
燙,kSimplifiedVariant,烫
燜,kSimplifiedVariant,焖
營,kSimplifiedVariant,营
燦,kSimplifiedVariant,灿
燭,kSimplifiedVariant,烛
燴,kSimplifiedVariant,烩
燶,kSimplifiedVariant,㶶
燼,kSimplifiedVariant,烬
燾,kSimplifiedVariant,焘
爄,kSimplifiedVariant,𤇃
爍,kSimplifiedVariant,烁
爐,kSimplifiedVariant,炉
爛,kSimplifiedVariant,烂
爭,kSimplifiedVariant,争
爺,kSimplifiedVariant,爷
爾,kSimplifiedVariant,尔
牆,kSimplifiedVariant,墙
牘,kSimplifiedVariant,牍
牽,kSimplifiedVariant,牵
犖,kSimplifiedVariant,荦
犢,kSimplifiedVariant,犊
犧,kSimplifiedVariant,牺
狀,kSimplifiedVariant,状
狹,kSimplifiedVariant,狭
狽,kSimplifiedVariant,狈
猙,kSimplifiedVariant,狰
猶,kSimplifiedVariant,犹
猻,kSimplifiedVariant,狲
獁,kSimplifiedVariant,犸
獄,kSimplifiedVariant,狱
獅,kSimplifiedVariant,狮
獎,kSimplifiedVariant,奖
獨,kSimplifiedVariant,独
獪,kSimplifiedVariant,狯
獫,kSimplifiedVariant,猃
獮,kSimplifiedVariant,狝
獰,kSimplifiedVariant,狞
獱,kSimplifiedVariant,㺍
獲,kSimplifiedVariant,获
獵,kSimplifiedVariant,猎
獷,kSimplifiedVariant,犷
獸,kSimplifiedVariant,兽
獺,kSimplifiedVariant,獭
獻,kSimplifiedVariant,献
獼,kSimplifiedVariant,猕
玀,kSimplifiedVariant,猡
玁,kSimplifiedVariant,𤞤
現,kSimplifiedVariant,现
琺,kSimplifiedVariant,珐
琿,kSimplifiedVariant,珲
瑋,kSimplifiedVariant,玮
瑒,kSimplifiedVariant,玚
瑣,kSimplifiedVariant,琐
瑤,kSimplifiedVariant,瑶
瑩,kSimplifiedVariant,莹
瑪,kSimplifiedVariant,玛
瑲,kSimplifiedVariant,玱
瑽,kSimplifiedVariant,𪻐
璉,kSimplifiedVariant,琏
璣,kSimplifiedVariant,玑
璦,kSimplifiedVariant,瑷
璫,kSimplifiedVariant,珰
璯,kSimplifiedVariant,㻅
環,kSimplifiedVariant,环
璽,kSimplifiedVariant,玺
瓊,kSimplifiedVariant,琼
瓏,kSimplifiedVariant,珑
瓔,kSimplifiedVariant,璎
瓕,kSimplifiedVariant,𤦀
瓚,kSimplifiedVariant,瓒
甌,kSimplifiedVariant,瓯
產,kSimplifiedVariant,产
畝,kSimplifiedVariant,亩
畢,kSimplifiedVariant,毕
畫,kSimplifiedVariant,画
異,kSimplifiedVariant,异
當,kSimplifiedVariant,当
疇,kSimplifiedVariant,畴
疊,kSimplifiedVariant,叠
痙,kSimplifiedVariant,痉
痾,kSimplifiedVariant,疴
瘂,kSimplifiedVariant,痖
瘋,kSimplifiedVariant,疯
瘍,kSimplifiedVariant,疡
瘓,kSimplifiedVariant,痪
瘞,kSimplifiedVariant,瘗
瘡,kSimplifiedVariant,疮
瘧,kSimplifiedVariant,疟
瘮,kSimplifiedVariant,瘆
瘲,kSimplifiedVariant,疭
瘺,kSimplifiedVariant,瘘
療,kSimplifiedVariant,疗
癆,kSimplifiedVariant,痨
癇,kSimplifiedVariant,痫
癉,kSimplifiedVariant,瘅
癘,kSimplifiedVariant,疠
癟,kSimplifiedVariant,瘪
癢,kSimplifiedVariant,痒
癤,kSimplifiedVariant,疖
癥,kSimplifiedVariant,症
癧,kSimplifiedVariant,疬
癩,kSimplifiedVariant,癞
癬,kSimplifiedVariant,癣
癭,kSimplifiedVariant,瘿
癮,kSimplifiedVariant,瘾
癰,kSimplifiedVariant,痈
癱,kSimplifiedVariant,瘫
癲,kSimplifiedVariant,癫
發,kSimplifiedVariant,发
皚,kSimplifiedVariant,皑
皟,kSimplifiedVariant,𤾀
皰,kSimplifiedVariant,疱
皸,kSimplifiedVariant,皲
皺,kSimplifiedVariant,皱
盜,kSimplifiedVariant,盗
盞,kSimplifiedVariant,盏
盡,kSimplifiedVariant,尽
監,kSimplifiedVariant,监
盤,kSimplifiedVariant,盘
盧,kSimplifiedVariant,卢
盪,kSimplifiedVariant,荡
眥,kSimplifiedVariant,眦
眾,kSimplifiedVariant,众
睍,kSimplifiedVariant,𪾢
睏,kSimplifiedVariant,困
睜,kSimplifiedVariant,睁
睞,kSimplifiedVariant,睐
瞘,kSimplifiedVariant,眍
瞜,kSimplifiedVariant,䁖
瞞,kSimplifiedVariant,瞒
瞤,kSimplifiedVariant,𥆧
瞶,kSimplifiedVariant,瞆
瞼,kSimplifiedVariant,睑
矓,kSimplifiedVariant,眬
矚,kSimplifiedVariant,瞩
矯,kSimplifiedVariant,矫
硜,kSimplifiedVariant,硁
硤,kSimplifiedVariant,硖
硨,kSimplifiedVariant,砗
硯,kSimplifiedVariant,砚
碙,kSimplifiedVariant,𥐻
碩,kSimplifiedVariant,硕
碭,kSimplifiedVariant,砀
碸,kSimplifiedVariant,砜
確,kSimplifiedVariant,确
碼,kSimplifiedVariant,码
碽,kSimplifiedVariant,䂵
磑,kSimplifiedVariant,硙
磚,kSimplifiedVariant,砖
磠,kSimplifiedVariant,硵
磣,kSimplifiedVariant,碜
磧,kSimplifiedVariant,碛
磯,kSimplifiedVariant,矶
磽,kSimplifiedVariant,硗
礄,kSimplifiedVariant,硚
礆,kSimplifiedVariant,硷
礎,kSimplifiedVariant,础
礒,kSimplifiedVariant,𥐟
礙,kSimplifiedVariant,碍
礦,kSimplifiedVariant,矿
礪,kSimplifiedVariant,砺
礫,kSimplifiedVariant,砾
礬,kSimplifiedVariant,矾
礱,kSimplifiedVariant,砻
祿,kSimplifiedVariant,禄
禍,kSimplifiedVariant,祸
禎,kSimplifiedVariant,祯
禕,kSimplifiedVariant,祎
禡,kSimplifiedVariant,祃
禦,kSimplifiedVariant,御
禪,kSimplifiedVariant,禅
禮,kSimplifiedVariant,礼
禰,kSimplifiedVariant,祢
禱,kSimplifiedVariant,祷
禿,kSimplifiedVariant,秃
秈,kSimplifiedVariant,籼
稅,kSimplifiedVariant,税
稈,kSimplifiedVariant,秆
稏,kSimplifiedVariant,䅉
稟,kSimplifiedVariant,禀
種,kSimplifiedVariant,种
稱,kSimplifiedVariant,称
穀,kSimplifiedVariant,谷
穌,kSimplifiedVariant,稣
積,kSimplifiedVariant,积
穎,kSimplifiedVariant,颖
穠,kSimplifiedVariant,秾
穡,kSimplifiedVariant,穑
穢,kSimplifiedVariant,秽
穩,kSimplifiedVariant,稳
穫,kSimplifiedVariant,获
穭,kSimplifiedVariant,稆
窩,kSimplifiedVariant,窝
窪,kSimplifiedVariant,洼
窮,kSimplifiedVariant,穷
窯,kSimplifiedVariant,窑
窵,kSimplifiedVariant,窎
窶,kSimplifiedVariant,窭
窺,kSimplifiedVariant,窥
竄,kSimplifiedVariant,窜
竅,kSimplifiedVariant,窍
竇,kSimplifiedVariant,窦
竊,kSimplifiedVariant,窃
競,kSimplifiedVariant,竞
筆,kSimplifiedVariant,笔
筍,kSimplifiedVariant,笋
筧,kSimplifiedVariant,笕
筴,kSimplifiedVariant,䇲
箋,kSimplifiedVariant,笺
箏,kSimplifiedVariant,筝
節,kSimplifiedVariant,节
範,kSimplifiedVariant,范
築,kSimplifiedVariant,筑
篋,kSimplifiedVariant,箧
篔,kSimplifiedVariant,筼
篘,kSimplifiedVariant,𥬠
篤,kSimplifiedVariant,笃
篩,kSimplifiedVariant,筛
篳,kSimplifiedVariant,筚
簀,kSimplifiedVariant,箦
簍,kSimplifiedVariant,篓
簞,kSimplifiedVariant,箪
簡,kSimplifiedVariant,简
簣,kSimplifiedVariant,篑
簫,kSimplifiedVariant,箫
簹,kSimplifiedVariant,筜
簽,kSimplifiedVariant,签
簾,kSimplifiedVariant,帘
籃,kSimplifiedVariant,篮
籋,kSimplifiedVariant,𥬞
籌,kSimplifiedVariant,筹
籔,kSimplifiedVariant,䉤
籙,kSimplifiedVariant,箓
籛,kSimplifiedVariant,篯
籜,kSimplifiedVariant,箨
籟,kSimplifiedVariant,籁
籠,kSimplifiedVariant,笼
籩,kSimplifiedVariant,笾
籪,kSimplifiedVariant,簖
籬,kSimplifiedVariant,篱
籮,kSimplifiedVariant,箩
粵,kSimplifiedVariant,粤
糝,kSimplifiedVariant,糁
糞,kSimplifiedVariant,粪
糧,kSimplifiedVariant,粮
糲,kSimplifiedVariant,粝
糴,kSimplifiedVariant,籴
糶,kSimplifiedVariant,粜
糹,kSimplifiedVariant,纟
糾,kSimplifiedVariant,纠
紀,kSimplifiedVariant,纪
紂,kSimplifiedVariant,纣
約,kSimplifiedVariant,约
紅,kSimplifiedVariant,红
紆,kSimplifiedVariant,纡
紇,kSimplifiedVariant,纥
紈,kSimplifiedVariant,纨
紬,kSimplifiedVariant,纫
紋,kSimplifiedVariant,纹
納,kSimplifiedVariant,纳
紐,kSimplifiedVariant,纽
紓,kSimplifiedVariant,纾
純,kSimplifiedVariant,纯
紕,kSimplifiedVariant,纰
紖,kSimplifiedVariant,纼
紗,kSimplifiedVariant,纱
紘,kSimplifiedVariant,纮
紙,kSimplifiedVariant,纸
級,kSimplifiedVariant,级
紛,kSimplifiedVariant,纷
紜,kSimplifiedVariant,纭
紝,kSimplifiedVariant,纴
紡,kSimplifiedVariant,纺
紬,kSimplifiedVariant,䌷
細,kSimplifiedVariant,细
紱,kSimplifiedVariant,绂
紲,kSimplifiedVariant,绁
紳,kSimplifiedVariant,绅
紵,kSimplifiedVariant,纻
紹,kSimplifiedVariant,绍
紺,kSimplifiedVariant,绀
紼,kSimplifiedVariant,绋
紿,kSimplifiedVariant,绐
絀,kSimplifiedVariant,绌
終,kSimplifiedVariant,终
組,kSimplifiedVariant,组
絅,kSimplifiedVariant,䌹
絆,kSimplifiedVariant,绊
絎,kSimplifiedVariant,绗
結,kSimplifiedVariant,结
絕,kSimplifiedVariant,绝
絛,kSimplifiedVariant,绦
絝,kSimplifiedVariant,绔
絞,kSimplifiedVariant,绞
絡,kSimplifiedVariant,络
絢,kSimplifiedVariant,绚
給,kSimplifiedVariant,给
絨,kSimplifiedVariant,绒
絰,kSimplifiedVariant,绖
統,kSimplifiedVariant,统
絲,kSimplifiedVariant,丝
絳,kSimplifiedVariant,绛
絹,kSimplifiedVariant,绢
絺,kSimplifiedVariant,𫄨
綀,kSimplifiedVariant,𦈌
綁,kSimplifiedVariant,绑
綃,kSimplifiedVariant,绡
綆,kSimplifiedVariant,绠
綇,kSimplifiedVariant,𦈋
綈,kSimplifiedVariant,绨
綌,kSimplifiedVariant,绤
綏,kSimplifiedVariant,绥
綐,kSimplifiedVariant,䌼
經,kSimplifiedVariant,经
綜,kSimplifiedVariant,综
綞,kSimplifiedVariant,缍
綠,kSimplifiedVariant,绿
綢,kSimplifiedVariant,绸
綣,kSimplifiedVariant,绻
綬,kSimplifiedVariant,绶
維,kSimplifiedVariant,维
綯,kSimplifiedVariant,绹
綰,kSimplifiedVariant,绾
綱,kSimplifiedVariant,纲
網,kSimplifiedVariant,网
綴,kSimplifiedVariant,缀
綵,kSimplifiedVariant,䌽
綸,kSimplifiedVariant,纶
綹,kSimplifiedVariant,绺
綺,kSimplifiedVariant,绮
綻,kSimplifiedVariant,绽
綽,kSimplifiedVariant,绰
綾,kSimplifiedVariant,绫
綿,kSimplifiedVariant,绵
緄,kSimplifiedVariant,绲
緇,kSimplifiedVariant,缁
緊,kSimplifiedVariant,紧
緋,kSimplifiedVariant,绯
緍,kSimplifiedVariant,𦈏
緒,kSimplifiedVariant,绪
緓,kSimplifiedVariant,绬
緗,kSimplifiedVariant,缃
緘,kSimplifiedVariant,缄
緙,kSimplifiedVariant,缂
線,kSimplifiedVariant,线
緝,kSimplifiedVariant,缬
緞,kSimplifiedVariant,缎
締,kSimplifiedVariant,缔
緡,kSimplifiedVariant,缗
緣,kSimplifiedVariant,缘
緦,kSimplifiedVariant,缌
編,kSimplifiedVariant,编
緩,kSimplifiedVariant,缓
緬,kSimplifiedVariant,缅
緯,kSimplifiedVariant,纬
緰,kSimplifiedVariant,𦈕
緱,kSimplifiedVariant,缑
緲,kSimplifiedVariant,缈
練,kSimplifiedVariant,练
緶,kSimplifiedVariant,缏
緷,kSimplifiedVariant,𦈬
緸,kSimplifiedVariant,𦈑
緹,kSimplifiedVariant,缇
緻,kSimplifiedVariant,致
縈,kSimplifiedVariant,萦
縬,kSimplifiedVariant,缙
縊,kSimplifiedVariant,缢
縋,kSimplifiedVariant,缒
縎,kSimplifiedVariant,𦈔
縐,kSimplifiedVariant,绉
縑,kSimplifiedVariant,缣
縕,kSimplifiedVariant,缊
縗,kSimplifiedVariant,缞
縛,kSimplifiedVariant,缚
縝,kSimplifiedVariant,缜
縞,kSimplifiedVariant,缟
縟,kSimplifiedVariant,缛
縣,kSimplifiedVariant,县
縫,kSimplifiedVariant,缝
縬,kSimplifiedVariant,𦈚
縭,kSimplifiedVariant,缡
縮,kSimplifiedVariant,缩
縱,kSimplifiedVariant,纵
縲,kSimplifiedVariant,缧
縳,kSimplifiedVariant,䌸
縵,kSimplifiedVariant,缦
縶,kSimplifiedVariant,絷
縷,kSimplifiedVariant,缕
縹,kSimplifiedVariant,缥
縺,kSimplifiedVariant,𦈐
總,kSimplifiedVariant,总
績,kSimplifiedVariant,绩
繃,kSimplifiedVariant,绷
繅,kSimplifiedVariant,缫
繆,kSimplifiedVariant,缪
繏,kSimplifiedVariant,𦈝
繒,kSimplifiedVariant,缯
繓,kSimplifiedVariant,𦈛
織,kSimplifiedVariant,织
繕,kSimplifiedVariant,缮
繚,kSimplifiedVariant,缭
繞,kSimplifiedVariant,绕
繟,kSimplifiedVariant,𦈎
繡,kSimplifiedVariant,绣
繢,kSimplifiedVariant,缋
繩,kSimplifiedVariant,绳
繪,kSimplifiedVariant,绘
繫,kSimplifiedVariant,系
繭,kSimplifiedVariant,茧
繯,kSimplifiedVariant,缳
繰,kSimplifiedVariant,缲
繳,kSimplifiedVariant,缴
繸,kSimplifiedVariant,䍁
繹,kSimplifiedVariant,绎
繻,kSimplifiedVariant,𦈡
繼,kSimplifiedVariant,继
繽,kSimplifiedVariant,缤
繾,kSimplifiedVariant,缱
繿,kSimplifiedVariant,䍀
纁,kSimplifiedVariant,𫄸
纇,kSimplifiedVariant,颣
纈,kSimplifiedVariant,缬
纊,kSimplifiedVariant,纩
續,kSimplifiedVariant,续
纍,kSimplifiedVariant,累
纏,kSimplifiedVariant,缠
纓,kSimplifiedVariant,缨
纖,kSimplifiedVariant,纤
纘,kSimplifiedVariant,缵
纜,kSimplifiedVariant,缆
缽,kSimplifiedVariant,钵
罈,kSimplifiedVariant,坛
罌,kSimplifiedVariant,罂
罰,kSimplifiedVariant,罚
罵,kSimplifiedVariant,骂
罷,kSimplifiedVariant,罢
羅,kSimplifiedVariant,罗
羆,kSimplifiedVariant,罴
羈,kSimplifiedVariant,羁
羋,kSimplifiedVariant,芈
羥,kSimplifiedVariant,羟
義,kSimplifiedVariant,义
習,kSimplifiedVariant,习
翬,kSimplifiedVariant,翚
翹,kSimplifiedVariant,翘
翽,kSimplifiedVariant,翙
耬,kSimplifiedVariant,耧
耮,kSimplifiedVariant,耢
聖,kSimplifiedVariant,圣
聞,kSimplifiedVariant,闻
聯,kSimplifiedVariant,联
聰,kSimplifiedVariant,聪
聲,kSimplifiedVariant,声
聳,kSimplifiedVariant,耸
聵,kSimplifiedVariant,聩
聶,kSimplifiedVariant,聂
職,kSimplifiedVariant,职
聹,kSimplifiedVariant,聍
聽,kSimplifiedVariant,听
聾,kSimplifiedVariant,聋
肅,kSimplifiedVariant,肃
脅,kSimplifiedVariant,胁
脈,kSimplifiedVariant,脬
脛,kSimplifiedVariant,胫
脥,kSimplifiedVariant,𣍰
脫,kSimplifiedVariant,脱
脹,kSimplifiedVariant,胀
腎,kSimplifiedVariant,肾
腖,kSimplifiedVariant,胨
腡,kSimplifiedVariant,脶
腦,kSimplifiedVariant,脑
腪,kSimplifiedVariant,𣍯
腫,kSimplifiedVariant,肿
腳,kSimplifiedVariant,脚
腸,kSimplifiedVariant,肠
膃,kSimplifiedVariant,腽
膕,kSimplifiedVariant,腘
膚,kSimplifiedVariant,肤
膠,kSimplifiedVariant,胶
膢,kSimplifiedVariant,𦝼
膩,kSimplifiedVariant,腻
膽,kSimplifiedVariant,胆
膾,kSimplifiedVariant,脍
膿,kSimplifiedVariant,脓
臉,kSimplifiedVariant,脸
臍,kSimplifiedVariant,脐
臏,kSimplifiedVariant,膑
臗,kSimplifiedVariant,𣎑
臘,kSimplifiedVariant,腊
臚,kSimplifiedVariant,胪
臟,kSimplifiedVariant,脏
臠,kSimplifiedVariant,脔
臢,kSimplifiedVariant,臜
臨,kSimplifiedVariant,临
臺,kSimplifiedVariant,台
與,kSimplifiedVariant,与
興,kSimplifiedVariant,兴
般,kSimplifiedVariant,举
舊,kSimplifiedVariant,旧
艙,kSimplifiedVariant,舱
艤,kSimplifiedVariant,舣
艦,kSimplifiedVariant,舰
艫,kSimplifiedVariant,舻
艱,kSimplifiedVariant,艰
艷,kSimplifiedVariant,艳
芻,kSimplifiedVariant,刍
苧,kSimplifiedVariant,苎
茲,kSimplifiedVariant,兹
荊,kSimplifiedVariant,荆
莊,kSimplifiedVariant,庄
莖,kSimplifiedVariant,茎
莢,kSimplifiedVariant,荚
莧,kSimplifiedVariant,苋
華,kSimplifiedVariant,华
萇,kSimplifiedVariant,苌
萊,kSimplifiedVariant,莱
萬,kSimplifiedVariant,万
萴,kSimplifiedVariant,荝
萵,kSimplifiedVariant,莴
葉,kSimplifiedVariant,叶
葒,kSimplifiedVariant,荭
著,kSimplifiedVariant,着
葤,kSimplifiedVariant,荮
葦,kSimplifiedVariant,苇
葷,kSimplifiedVariant,荤
蒔,kSimplifiedVariant,莳
蒞,kSimplifiedVariant,莅
蒼,kSimplifiedVariant,苍
蓀,kSimplifiedVariant,荪
蓋,kSimplifiedVariant,盖
蓮,kSimplifiedVariant,莲
蓯,kSimplifiedVariant,苁
蓴,kSimplifiedVariant,莼
蓽,kSimplifiedVariant,荜
蔞,kSimplifiedVariant,蒌
蔣,kSimplifiedVariant,蒋
蔥,kSimplifiedVariant,葱
蔦,kSimplifiedVariant,茑
蔭,kSimplifiedVariant,荫
蕁,kSimplifiedVariant,荨
蕆,kSimplifiedVariant,蒇
蕎,kSimplifiedVariant,荞
蕒,kSimplifiedVariant,荬
蕓,kSimplifiedVariant,芸
蕕,kSimplifiedVariant,莸
蕘,kSimplifiedVariant,荛
蕢,kSimplifiedVariant,蒉
蕩,kSimplifiedVariant,荡
蕪,kSimplifiedVariant,芜
蕭,kSimplifiedVariant,萧
蕷,kSimplifiedVariant,蓣
薀,kSimplifiedVariant,蕰
薈,kSimplifiedVariant,荟
薊,kSimplifiedVariant,蓟
薌,kSimplifiedVariant,芗
薔,kSimplifiedVariant,蔷
薘,kSimplifiedVariant,荙
薟,kSimplifiedVariant,莶
薦,kSimplifiedVariant,荐
薩,kSimplifiedVariant,萨
薳,kSimplifiedVariant,䓕
薴,kSimplifiedVariant,苧
薺,kSimplifiedVariant,荠
藍,kSimplifiedVariant,蓝
藎,kSimplifiedVariant,荩
藝,kSimplifiedVariant,艺
藥,kSimplifiedVariant,药
藪,kSimplifiedVariant,薮
藶,kSimplifiedVariant,苈
藹,kSimplifiedVariant,蔼
藺,kSimplifiedVariant,蔺
蘄,kSimplifiedVariant,蕲
蘆,kSimplifiedVariant,芦
蘇,kSimplifiedVariant,苏
蘊,kSimplifiedVariant,蕴
蘋,kSimplifiedVariant,苹
蘚,kSimplifiedVariant,藓
蘞,kSimplifiedVariant,蔹
蘢,kSimplifiedVariant,茏
蘭,kSimplifiedVariant,兰
蘺,kSimplifiedVariant,蓠
蘿,kSimplifiedVariant,萝
虆,kSimplifiedVariant,蔂
處,kSimplifiedVariant,处
虛,kSimplifiedVariant,虚
虜,kSimplifiedVariant,虏
號,kSimplifiedVariant,号
虧,kSimplifiedVariant,亏
虯,kSimplifiedVariant,虬
蛺,kSimplifiedVariant,蛱
蛻,kSimplifiedVariant,蜕
蜆,kSimplifiedVariant,蚬
蜡,kSimplifiedVariant,蜡
蝕,kSimplifiedVariant,蚀
蝟,kSimplifiedVariant,猬
蝦,kSimplifiedVariant,虾
蝸,kSimplifiedVariant,蜗
螄,kSimplifiedVariant,蛳
螞,kSimplifiedVariant,蚂
螢,kSimplifiedVariant,萤
螮,kSimplifiedVariant,䗖
螻,kSimplifiedVariant,蝼
螿,kSimplifiedVariant,螀
蟄,kSimplifiedVariant,蛰
蟈,kSimplifiedVariant,蝈
蟎,kSimplifiedVariant,螨
蟣,kSimplifiedVariant,虮
蟬,kSimplifiedVariant,蝉
蟯,kSimplifiedVariant,蛲
蟲,kSimplifiedVariant,虫
蟶,kSimplifiedVariant,蛏
蟻,kSimplifiedVariant,蚁
蠁,kSimplifiedVariant,蚃
蠅,kSimplifiedVariant,蝇
蠆,kSimplifiedVariant,虿
蠐,kSimplifiedVariant,蛴
蠑,kSimplifiedVariant,蝾
蠟,kSimplifiedVariant,蜡
蠣,kSimplifiedVariant,蛎
蠨,kSimplifiedVariant,蟏
蠱,kSimplifiedVariant,蛊
蠶,kSimplifiedVariant,蚕
蠻,kSimplifiedVariant,蛮
術,kSimplifiedVariant,术
衕,kSimplifiedVariant,同
衚,kSimplifiedVariant,胡
衛,kSimplifiedVariant,卫
衝,kSimplifiedVariant,冲
袞,kSimplifiedVariant,衮
裊,kSimplifiedVariant,袅
補,kSimplifiedVariant,补
裝,kSimplifiedVariant,装
裡,kSimplifiedVariant,里
製,kSimplifiedVariant,制
複,kSimplifiedVariant,复
褌,kSimplifiedVariant,裈
褘,kSimplifiedVariant,袆
褲,kSimplifiedVariant,裤
褳,kSimplifiedVariant,裢
褸,kSimplifiedVariant,褛
褻,kSimplifiedVariant,亵
襀,kSimplifiedVariant,𫌀
襉,kSimplifiedVariant,裥
襏,kSimplifiedVariant,袯
襖,kSimplifiedVariant,袄
襝,kSimplifiedVariant,裣
襠,kSimplifiedVariant,裆
襤,kSimplifiedVariant,褴
襪,kSimplifiedVariant,袜
襬,kSimplifiedVariant,䙓
襯,kSimplifiedVariant,衬
襲,kSimplifiedVariant,袭
襴,kSimplifiedVariant,襕
覆,kSimplifiedVariant,复
見,kSimplifiedVariant,见
覎,kSimplifiedVariant,觃
規,kSimplifiedVariant,规
覓,kSimplifiedVariant,觅
視,kSimplifiedVariant,视
覘,kSimplifiedVariant,觇
覡,kSimplifiedVariant,觋
覥,kSimplifiedVariant,觍
覦,kSimplifiedVariant,觎
親,kSimplifiedVariant,亲
覬,kSimplifiedVariant,觊
覯,kSimplifiedVariant,觏
覲,kSimplifiedVariant,觐
覷,kSimplifiedVariant,觑
覺,kSimplifiedVariant,觉
覼,kSimplifiedVariant,𫌨
覽,kSimplifiedVariant,览
覿,kSimplifiedVariant,觌
觀,kSimplifiedVariant,观
觴,kSimplifiedVariant,觞
觶,kSimplifiedVariant,觯
觸,kSimplifiedVariant,触
訁,kSimplifiedVariant,讠
訂,kSimplifiedVariant,订
訃,kSimplifiedVariant,讣
計,kSimplifiedVariant,计
訊,kSimplifiedVariant,讯
訌,kSimplifiedVariant,讧
討,kSimplifiedVariant,讨
訐,kSimplifiedVariant,讦
訑,kSimplifiedVariant,𫍙
訒,kSimplifiedVariant,讱
訓,kSimplifiedVariant,训
訕,kSimplifiedVariant,讪
訖,kSimplifiedVariant,讫
託,kSimplifiedVariant,讬
記,kSimplifiedVariant,记
訛,kSimplifiedVariant,讹
訝,kSimplifiedVariant,讶
訟,kSimplifiedVariant,讼
訢,kSimplifiedVariant,䜣
訣,kSimplifiedVariant,诀
訥,kSimplifiedVariant,讷
訩,kSimplifiedVariant,讻
訪,kSimplifiedVariant,访
設,kSimplifiedVariant,设
許,kSimplifiedVariant,许
訴,kSimplifiedVariant,诉
訶,kSimplifiedVariant,诃
診,kSimplifiedVariant,诊
註,kSimplifiedVariant,注
詀,kSimplifiedVariant,𧮪
詁,kSimplifiedVariant,诂
詆,kSimplifiedVariant,诋
詎,kSimplifiedVariant,讵
詐,kSimplifiedVariant,诈
詑,kSimplifiedVariant,𫍟
詒,kSimplifiedVariant,诒
詔,kSimplifiedVariant,诏
評,kSimplifiedVariant,评
詖,kSimplifiedVariant,诐
詗,kSimplifiedVariant,诇
詘,kSimplifiedVariant,诎
詛,kSimplifiedVariant,诅
詞,kSimplifiedVariant,词
詠,kSimplifiedVariant,咏
詡,kSimplifiedVariant,诩
詢,kSimplifiedVariant,询
詣,kSimplifiedVariant,诣
試,kSimplifiedVariant,试
詩,kSimplifiedVariant,诗
詫,kSimplifiedVariant,诧
詬,kSimplifiedVariant,诟
詭,kSimplifiedVariant,诡
詮,kSimplifiedVariant,诠
詰,kSimplifiedVariant,诘
話,kSimplifiedVariant,话
該,kSimplifiedVariant,该
詳,kSimplifiedVariant,详
詵,kSimplifiedVariant,诜
詼,kSimplifiedVariant,诙
詿,kSimplifiedVariant,诖
誄,kSimplifiedVariant,诔
誅,kSimplifiedVariant,诛
誆,kSimplifiedVariant,诓
誇,kSimplifiedVariant,夸
誌,kSimplifiedVariant,志
認,kSimplifiedVariant,认
誑,kSimplifiedVariant,诳
誒,kSimplifiedVariant,诶
誕,kSimplifiedVariant,诞
誘,kSimplifiedVariant,诱
誚,kSimplifiedVariant,诮
語,kSimplifiedVariant,语
誠,kSimplifiedVariant,诚
誡,kSimplifiedVariant,诫
誣,kSimplifiedVariant,诬
誤,kSimplifiedVariant,误
誥,kSimplifiedVariant,诰
誦,kSimplifiedVariant,诵
誨,kSimplifiedVariant,诲
說,kSimplifiedVariant,说
誰,kSimplifiedVariant,谁
課,kSimplifiedVariant,课
誶,kSimplifiedVariant,谇
誹,kSimplifiedVariant,诽
誼,kSimplifiedVariant,谊
誾,kSimplifiedVariant,訚
調,kSimplifiedVariant,调
諂,kSimplifiedVariant,谄
諄,kSimplifiedVariant,谆
談,kSimplifiedVariant,谈
諉,kSimplifiedVariant,诿
請,kSimplifiedVariant,请
諍,kSimplifiedVariant,诤
諏,kSimplifiedVariant,诹
諑,kSimplifiedVariant,诼
諒,kSimplifiedVariant,谅
論,kSimplifiedVariant,论
諗,kSimplifiedVariant,谂
諛,kSimplifiedVariant,谀
諜,kSimplifiedVariant,谍
諝,kSimplifiedVariant,谞
諞,kSimplifiedVariant,谝
諢,kSimplifiedVariant,诨
諤,kSimplifiedVariant,谔
諦,kSimplifiedVariant,谛
諧,kSimplifiedVariant,谐
諫,kSimplifiedVariant,谏
諭,kSimplifiedVariant,谕
諮,kSimplifiedVariant,谘
諰,kSimplifiedVariant,𫍰
諱,kSimplifiedVariant,讳
諳,kSimplifiedVariant,谙
諶,kSimplifiedVariant,谌
諷,kSimplifiedVariant,讽
諸,kSimplifiedVariant,诸
諺,kSimplifiedVariant,谚
諼,kSimplifiedVariant,谖
諾,kSimplifiedVariant,诺
謀,kSimplifiedVariant,谋
謁,kSimplifiedVariant,谒
謂,kSimplifiedVariant,谓
謄,kSimplifiedVariant,誊
謅,kSimplifiedVariant,诌
謊,kSimplifiedVariant,谎
謎,kSimplifiedVariant,谜
謏,kSimplifiedVariant,𫍲
謐,kSimplifiedVariant,谧
謔,kSimplifiedVariant,谑
謖,kSimplifiedVariant,谡
謗,kSimplifiedVariant,谤
謙,kSimplifiedVariant,谦
謚,kSimplifiedVariant,谥
講,kSimplifiedVariant,讲
謝,kSimplifiedVariant,谢
謠,kSimplifiedVariant,谣
謨,kSimplifiedVariant,谟
謫,kSimplifiedVariant,谪
謬,kSimplifiedVariant,谬
謳,kSimplifiedVariant,讴
謹,kSimplifiedVariant,谨
謾,kSimplifiedVariant,谩
證,kSimplifiedVariant,证
譊,kSimplifiedVariant,𫍢
譎,kSimplifiedVariant,谲
譏,kSimplifiedVariant,讥
譖,kSimplifiedVariant,谮
識,kSimplifiedVariant,识
譙,kSimplifiedVariant,谯
譚,kSimplifiedVariant,谭
譜,kSimplifiedVariant,谱
譫,kSimplifiedVariant,谵
譯,kSimplifiedVariant,译
議,kSimplifiedVariant,议
譴,kSimplifiedVariant,谴
護,kSimplifiedVariant,护
譸,kSimplifiedVariant,诪
譽,kSimplifiedVariant,誉
譾,kSimplifiedVariant,谫
讀,kSimplifiedVariant,读
變,kSimplifiedVariant,变
讋,kSimplifiedVariant,詟
讌,kSimplifiedVariant,䜩
讎,kSimplifiedVariant,雠
讒,kSimplifiedVariant,谗
讓,kSimplifiedVariant,让
讕,kSimplifiedVariant,谰
讖,kSimplifiedVariant,谶
讜,kSimplifiedVariant,谠
讞,kSimplifiedVariant,谳
豈,kSimplifiedVariant,岂
豎,kSimplifiedVariant,竖
豐,kSimplifiedVariant,丰
豬,kSimplifiedVariant,猪
豶,kSimplifiedVariant,豮
貓,kSimplifiedVariant,猫
貙,kSimplifiedVariant,䝙
貝,kSimplifiedVariant,贝
貞,kSimplifiedVariant,贞
貟,kSimplifiedVariant,贠
負,kSimplifiedVariant,负
財,kSimplifiedVariant,财
貢,kSimplifiedVariant,贡
貧,kSimplifiedVariant,贫
貨,kSimplifiedVariant,货
販,kSimplifiedVariant,贩
貪,kSimplifiedVariant,贪
貫,kSimplifiedVariant,贯
責,kSimplifiedVariant,责
貯,kSimplifiedVariant,贮
貰,kSimplifiedVariant,贳
貲,kSimplifiedVariant,赀
貳,kSimplifiedVariant,贰
貴,kSimplifiedVariant,贵
貶,kSimplifiedVariant,贬
買,kSimplifiedVariant,买
貸,kSimplifiedVariant,贷
貺,kSimplifiedVariant,贶
費,kSimplifiedVariant,费
貼,kSimplifiedVariant,贴
貽,kSimplifiedVariant,贻
貿,kSimplifiedVariant,贸
賀,kSimplifiedVariant,贺
賁,kSimplifiedVariant,贲
賂,kSimplifiedVariant,赂
賃,kSimplifiedVariant,赁
賄,kSimplifiedVariant,贿
賅,kSimplifiedVariant,赅
資,kSimplifiedVariant,资
賈,kSimplifiedVariant,贾
賊,kSimplifiedVariant,贼
賑,kSimplifiedVariant,赈
賒,kSimplifiedVariant,赊
賓,kSimplifiedVariant,宾
賕,kSimplifiedVariant,赇
賙,kSimplifiedVariant,赒
賚,kSimplifiedVariant,赉
賜,kSimplifiedVariant,赐
賞,kSimplifiedVariant,赏
賟,kSimplifiedVariant,𧹖
賠,kSimplifiedVariant,赔
賡,kSimplifiedVariant,赓
賢,kSimplifiedVariant,贤
賣,kSimplifiedVariant,卖
賤,kSimplifiedVariant,贱
賦,kSimplifiedVariant,赋
賧,kSimplifiedVariant,赕
質,kSimplifiedVariant,质
賬,kSimplifiedVariant,账
賭,kSimplifiedVariant,赌
賰,kSimplifiedVariant,䞐
賴,kSimplifiedVariant,赖
賵,kSimplifiedVariant,赗
賺,kSimplifiedVariant,赚
賻,kSimplifiedVariant,赙
購,kSimplifiedVariant,购
賽,kSimplifiedVariant,赛
賾,kSimplifiedVariant,赜
贃,kSimplifiedVariant,𧹗
贄,kSimplifiedVariant,贽
贅,kSimplifiedVariant,赘
贇,kSimplifiedVariant,赟
贈,kSimplifiedVariant,赠
贊,kSimplifiedVariant,赞
贍,kSimplifiedVariant,赡
贏,kSimplifiedVariant,赢
贐,kSimplifiedVariant,赆
贓,kSimplifiedVariant,赃
贔,kSimplifiedVariant,赑
贖,kSimplifiedVariant,赎
贗,kSimplifiedVariant,赝
贛,kSimplifiedVariant,赣
赬,kSimplifiedVariant,赪
趕,kSimplifiedVariant,赶
趙,kSimplifiedVariant,赵
趨,kSimplifiedVariant,趋
趲,kSimplifiedVariant,趱
跡,kSimplifiedVariant,迹
踐,kSimplifiedVariant,践
踴,kSimplifiedVariant,踊
蹌,kSimplifiedVariant,跄
蹕,kSimplifiedVariant,跸
蹣,kSimplifiedVariant,蹒
蹤,kSimplifiedVariant,踪
蹺,kSimplifiedVariant,跷
蹻,kSimplifiedVariant,𫏋
躂,kSimplifiedVariant,跶
躉,kSimplifiedVariant,趸
躊,kSimplifiedVariant,踌
躋,kSimplifiedVariant,跻
躍,kSimplifiedVariant,跃
躎,kSimplifiedVariant,䟢
躑,kSimplifiedVariant,踯
躒,kSimplifiedVariant,跞
躓,kSimplifiedVariant,踬
躕,kSimplifiedVariant,蹰
躚,kSimplifiedVariant,跹
躝,kSimplifiedVariant,𨅬
躡,kSimplifiedVariant,蹑
躥,kSimplifiedVariant,蹿
躦,kSimplifiedVariant,躜
躪,kSimplifiedVariant,躏
軀,kSimplifiedVariant,躯
軉,kSimplifiedVariant,𨉗
車,kSimplifiedVariant,车
軋,kSimplifiedVariant,轧
軌,kSimplifiedVariant,轨
軍,kSimplifiedVariant,军
軏,kSimplifiedVariant,𫐄
軑,kSimplifiedVariant,轪
軒,kSimplifiedVariant,轩
軔,kSimplifiedVariant,轫
軗,kSimplifiedVariant,𨐅
軛,kSimplifiedVariant,轭
軟,kSimplifiedVariant,软
軤,kSimplifiedVariant,轷
軨,kSimplifiedVariant,𫐬
軫,kSimplifiedVariant,轸
軲,kSimplifiedVariant,轱
軸,kSimplifiedVariant,轴
軹,kSimplifiedVariant,轵
軺,kSimplifiedVariant,轺
軻,kSimplifiedVariant,轲
軼,kSimplifiedVariant,轶
軾,kSimplifiedVariant,轼
較,kSimplifiedVariant,较
輄,kSimplifiedVariant,𨐈
輅,kSimplifiedVariant,辂
輇,kSimplifiedVariant,辁
輈,kSimplifiedVariant,辀
輬,kSimplifiedVariant,载
輊,kSimplifiedVariant,轾
輒,kSimplifiedVariant,辄
輓,kSimplifiedVariant,挽
輔,kSimplifiedVariant,辅
輕,kSimplifiedVariant,轻
輗,kSimplifiedVariant,𫐐
輛,kSimplifiedVariant,辆
輜,kSimplifiedVariant,辎
輝,kSimplifiedVariant,辉
輞,kSimplifiedVariant,辋
輟,kSimplifiedVariant,辍
輥,kSimplifiedVariant,辊
輦,kSimplifiedVariant,辇
輩,kSimplifiedVariant,辈
輪,kSimplifiedVariant,轮
輬,kSimplifiedVariant,辌
輮,kSimplifiedVariant,𫐓
輯,kSimplifiedVariant,辑
輳,kSimplifiedVariant,辏
輸,kSimplifiedVariant,输
輻,kSimplifiedVariant,辐
輾,kSimplifiedVariant,辗
輿,kSimplifiedVariant,舆
轀,kSimplifiedVariant,辒
轂,kSimplifiedVariant,毂
轄,kSimplifiedVariant,辖
轅,kSimplifiedVariant,辕
轆,kSimplifiedVariant,辘
轉,kSimplifiedVariant,转
轍,kSimplifiedVariant,辙
轎,kSimplifiedVariant,轿
轔,kSimplifiedVariant,辚
轟,kSimplifiedVariant,轰
轡,kSimplifiedVariant,辔
轢,kSimplifiedVariant,轹
轣,kSimplifiedVariant,𫐆
轤,kSimplifiedVariant,轳
辦,kSimplifiedVariant,办
辭,kSimplifiedVariant,辞
辮,kSimplifiedVariant,辫
辯,kSimplifiedVariant,辩
農,kSimplifiedVariant,农
逕,kSimplifiedVariant,迳
這,kSimplifiedVariant,这
連,kSimplifiedVariant,连
進,kSimplifiedVariant,进
運,kSimplifiedVariant,运
過,kSimplifiedVariant,过
達,kSimplifiedVariant,达
違,kSimplifiedVariant,违
遙,kSimplifiedVariant,遥
遜,kSimplifiedVariant,逊
遞,kSimplifiedVariant,递
遠,kSimplifiedVariant,远
適,kSimplifiedVariant,适
遲,kSimplifiedVariant,迟
遷,kSimplifiedVariant,迁
選,kSimplifiedVariant,逬
遺,kSimplifiedVariant,遗
遼,kSimplifiedVariant,辽
邁,kSimplifiedVariant,迈
還,kSimplifiedVariant,还
邇,kSimplifiedVariant,迩
邊,kSimplifiedVariant,边
邏,kSimplifiedVariant,逻
邐,kSimplifiedVariant,逦
郟,kSimplifiedVariant,郏
郵,kSimplifiedVariant,邮
鄆,kSimplifiedVariant,郓
鄬,kSimplifiedVariant,乡
鄒,kSimplifiedVariant,邹
鄔,kSimplifiedVariant,邬
鄖,kSimplifiedVariant,郧
鄧,kSimplifiedVariant,邓
鄭,kSimplifiedVariant,郑
鄰,kSimplifiedVariant,邻
鄲,kSimplifiedVariant,郸
鄴,kSimplifiedVariant,邺
鄶,kSimplifiedVariant,郐
鄺,kSimplifiedVariant,邝
酇,kSimplifiedVariant,酂
酈,kSimplifiedVariant,郦
醜,kSimplifiedVariant,丑
醞,kSimplifiedVariant,酝
醫,kSimplifiedVariant,医
醬,kSimplifiedVariant,酱
醱,kSimplifiedVariant,酦
釀,kSimplifiedVariant,酿
釁,kSimplifiedVariant,衅
釃,kSimplifiedVariant,酾
釅,kSimplifiedVariant,酽
釋,kSimplifiedVariant,释
釐,kSimplifiedVariant,厘
釒,kSimplifiedVariant,钅
釓,kSimplifiedVariant,钆
釔,kSimplifiedVariant,钇
釕,kSimplifiedVariant,钌
釗,kSimplifiedVariant,钊
釘,kSimplifiedVariant,钉
釙,kSimplifiedVariant,钋
針,kSimplifiedVariant,针
釣,kSimplifiedVariant,钓
釤,kSimplifiedVariant,钐
釧,kSimplifiedVariant,钏
釩,kSimplifiedVariant,钒
釳,kSimplifiedVariant,𨰿
釵,kSimplifiedVariant,钗
釷,kSimplifiedVariant,钍
釹,kSimplifiedVariant,钕
釺,kSimplifiedVariant,钎
釾,kSimplifiedVariant,䥺
鈀,kSimplifiedVariant,钯
鈁,kSimplifiedVariant,钫
鈃,kSimplifiedVariant,钘
鈄,kSimplifiedVariant,钭
鈇,kSimplifiedVariant,𫓧
鈈,kSimplifiedVariant,钚
鈬,kSimplifiedVariant,钠
鈋,kSimplifiedVariant,𨱂
鈍,kSimplifiedVariant,钝
鈐,kSimplifiedVariant,钤
鈑,kSimplifiedVariant,钣
鈒,kSimplifiedVariant,钑
鈔,kSimplifiedVariant,钞
鈕,kSimplifiedVariant,钮
鈞,kSimplifiedVariant,钧
鈠,kSimplifiedVariant,𨱁
鈣,kSimplifiedVariant,钙
鈥,kSimplifiedVariant,钬
鈦,kSimplifiedVariant,钛
鈧,kSimplifiedVariant,钪
鈮,kSimplifiedVariant,铌
鈯,kSimplifiedVariant,𨱄
鈰,kSimplifiedVariant,铈
鈲,kSimplifiedVariant,𨱃
鈳,kSimplifiedVariant,钶
鈴,kSimplifiedVariant,铃
鈷,kSimplifiedVariant,钴
鈸,kSimplifiedVariant,钹
鈹,kSimplifiedVariant,铍
鈺,kSimplifiedVariant,钰
鈽,kSimplifiedVariant,钸
鈾,kSimplifiedVariant,铀
鈿,kSimplifiedVariant,钿
鉀,kSimplifiedVariant,钾
鉁,kSimplifiedVariant,𨱅
鉅,kSimplifiedVariant,钜
鉈,kSimplifiedVariant,铊
鉉,kSimplifiedVariant,铉
鉋,kSimplifiedVariant,铇
鉍,kSimplifiedVariant,铋
鉑,kSimplifiedVariant,铂
鉕,kSimplifiedVariant,钷
鉗,kSimplifiedVariant,钳
鉚,kSimplifiedVariant,铆
鉛,kSimplifiedVariant,铅
鉞,kSimplifiedVariant,钺
鉤,kSimplifiedVariant,钩
鉦,kSimplifiedVariant,钲
鉬,kSimplifiedVariant,钼
鉭,kSimplifiedVariant,钽
鉶,kSimplifiedVariant,铏
鉸,kSimplifiedVariant,铰
鉺,kSimplifiedVariant,铒
鉻,kSimplifiedVariant,铬
鉿,kSimplifiedVariant,铪
銀,kSimplifiedVariant,银
銃,kSimplifiedVariant,铳
銅,kSimplifiedVariant,铜
銍,kSimplifiedVariant,铚
銑,kSimplifiedVariant,铣
銓,kSimplifiedVariant,铨
銖,kSimplifiedVariant,铢
銘,kSimplifiedVariant,铭
銚,kSimplifiedVariant,铫
銛,kSimplifiedVariant,铦
銜,kSimplifiedVariant,衔
銠,kSimplifiedVariant,铑
銣,kSimplifiedVariant,铷
銥,kSimplifiedVariant,铱
銦,kSimplifiedVariant,铟
銨,kSimplifiedVariant,铵
銩,kSimplifiedVariant,铥
銪,kSimplifiedVariant,铕
銫,kSimplifiedVariant,铯
銬,kSimplifiedVariant,铐
銱,kSimplifiedVariant,铞
銳,kSimplifiedVariant,锐
銶,kSimplifiedVariant,𨱇
銷,kSimplifiedVariant,销
銻,kSimplifiedVariant,锑
銼,kSimplifiedVariant,锬
鋁,kSimplifiedVariant,铝
鋃,kSimplifiedVariant,锒
鋅,kSimplifiedVariant,锌
鋇,kSimplifiedVariant,钡
鋉,kSimplifiedVariant,𨱈
鋌,kSimplifiedVariant,铤
鋏,kSimplifiedVariant,铗
鋒,kSimplifiedVariant,锋
鋙,kSimplifiedVariant,铻
鋝,kSimplifiedVariant,锊
鋟,kSimplifiedVariant,锓
鋣,kSimplifiedVariant,铘
鋤,kSimplifiedVariant,锄
鋥,kSimplifiedVariant,锃
鋦,kSimplifiedVariant,锔
鋨,kSimplifiedVariant,锇
鋩,kSimplifiedVariant,铓
鋪,kSimplifiedVariant,铺
鋮,kSimplifiedVariant,铖
鋯,kSimplifiedVariant,锆
鋰,kSimplifiedVariant,锂
鋱,kSimplifiedVariant,铽
鋶,kSimplifiedVariant,锍
鋸,kSimplifiedVariant,锯
鋼,kSimplifiedVariant,钢
錁,kSimplifiedVariant,锞
錂,kSimplifiedVariant,𨱋
錄,kSimplifiedVariant,录
錆,kSimplifiedVariant,锖
錇,kSimplifiedVariant,锫
錈,kSimplifiedVariant,锩
錏,kSimplifiedVariant,铔
錐,kSimplifiedVariant,锥
錒,kSimplifiedVariant,锕
錕,kSimplifiedVariant,锟
錘,kSimplifiedVariant,锤
錙,kSimplifiedVariant,锱
錚,kSimplifiedVariant,铮
錛,kSimplifiedVariant,锛
錟,kSimplifiedVariant,锬
錠,kSimplifiedVariant,锭
錡,kSimplifiedVariant,锜
錢,kSimplifiedVariant,钱
錦,kSimplifiedVariant,锦
錨,kSimplifiedVariant,锚
錩,kSimplifiedVariant,锠
錫,kSimplifiedVariant,锡
錮,kSimplifiedVariant,锢
錯,kSimplifiedVariant,错
錳,kSimplifiedVariant,锰
錶,kSimplifiedVariant,表
錸,kSimplifiedVariant,铼
鍀,kSimplifiedVariant,锝
鍃,kSimplifiedVariant,锪
鍄,kSimplifiedVariant,𨱉
鍆,kSimplifiedVariant,钔
鍇,kSimplifiedVariant,锴
鍈,kSimplifiedVariant,锳
鍋,kSimplifiedVariant,锅
鍍,kSimplifiedVariant,镀
鍔,kSimplifiedVariant,锷
鍘,kSimplifiedVariant,铡
鍚,kSimplifiedVariant,钖
鍛,kSimplifiedVariant,锻
鍠,kSimplifiedVariant,锽
鍤,kSimplifiedVariant,锸
鍥,kSimplifiedVariant,锲
鍩,kSimplifiedVariant,锘
鍬,kSimplifiedVariant,锹
鍮,kSimplifiedVariant,𨱎
鍰,kSimplifiedVariant,锾
鍵,kSimplifiedVariant,键
鍶,kSimplifiedVariant,锶
鍺,kSimplifiedVariant,锗
鍾,kSimplifiedVariant,钟;锺
鎂,kSimplifiedVariant,镁
鎄,kSimplifiedVariant,锿
鎇,kSimplifiedVariant,镅
鎊,kSimplifiedVariant,镑
鎔,kSimplifiedVariant,镕
鎖,kSimplifiedVariant,锁
鎘,kSimplifiedVariant,镉
鎛,kSimplifiedVariant,镈
鎝,kSimplifiedVariant,𨱏
鎡,kSimplifiedVariant,镃
鎢,kSimplifiedVariant,钨
鎣,kSimplifiedVariant,蓥
鎦,kSimplifiedVariant,镏
鎧,kSimplifiedVariant,铠
鎩,kSimplifiedVariant,铩
鎪,kSimplifiedVariant,锼
鎬,kSimplifiedVariant,镐
鎮,kSimplifiedVariant,镇
鎯,kSimplifiedVariant,𨱍
鎰,kSimplifiedVariant,镒
鎲,kSimplifiedVariant,镋
鎳,kSimplifiedVariant,镍
鎵,kSimplifiedVariant,镓
鎷,kSimplifiedVariant,𨰾
鎿,kSimplifiedVariant,镎
鏃,kSimplifiedVariant,镞
鏆,kSimplifiedVariant,𨱌
鏇,kSimplifiedVariant,镟
鏈,kSimplifiedVariant,链
鏉,kSimplifiedVariant,𨱒
鏌,kSimplifiedVariant,镆
鏍,kSimplifiedVariant,镙
鏐,kSimplifiedVariant,镠
鏑,kSimplifiedVariant,镝
鏗,kSimplifiedVariant,铿
鏘,kSimplifiedVariant,锵
鏜,kSimplifiedVariant,镗
鏝,kSimplifiedVariant,镘
鏞,kSimplifiedVariant,镛
鏟,kSimplifiedVariant,铲
鏡,kSimplifiedVariant,镜
鏢,kSimplifiedVariant,镖
鏤,kSimplifiedVariant,镂
鏦,kSimplifiedVariant,𫓩
鏨,kSimplifiedVariant,錾
鏰,kSimplifiedVariant,镚
鏵,kSimplifiedVariant,铧
鏷,kSimplifiedVariant,镤
鏹,kSimplifiedVariant,镪
鏺,kSimplifiedVariant,䥽
鏽,kSimplifiedVariant,锈
鐃,kSimplifiedVariant,铙
鐄,kSimplifiedVariant,𨱑
鐋,kSimplifiedVariant,铴
鐍,kSimplifiedVariant,𫔎
鐎,kSimplifiedVariant,𨱓
鐏,kSimplifiedVariant,𨱔
鐐,kSimplifiedVariant,镣
鐒,kSimplifiedVariant,铹
鐓,kSimplifiedVariant,镦
鐔,kSimplifiedVariant,镡
鐘,kSimplifiedVariant,钟
鐙,kSimplifiedVariant,镫
鐠,kSimplifiedVariant,镨
鐥,kSimplifiedVariant,䦅
鐦,kSimplifiedVariant,锎
鐧,kSimplifiedVariant,锏
鐨,kSimplifiedVariant,镄
鐫,kSimplifiedVariant,镌
鐮,kSimplifiedVariant,镰
鐯,kSimplifiedVariant,䦃
鐲,kSimplifiedVariant,镯
鐳,kSimplifiedVariant,镭
鐵,kSimplifiedVariant,铁
鐶,kSimplifiedVariant,镮
鐸,kSimplifiedVariant,铎
鐺,kSimplifiedVariant,铛
鐿,kSimplifiedVariant,镱
鑄,kSimplifiedVariant,铸
鑊,kSimplifiedVariant,镬
鑌,kSimplifiedVariant,镔
鑒,kSimplifiedVariant,鉴
鑔,kSimplifiedVariant,镲
鑕,kSimplifiedVariant,锧
鑞,kSimplifiedVariant,镴
鑠,kSimplifiedVariant,铄
鑣,kSimplifiedVariant,镳
鑥,kSimplifiedVariant,镥
鑭,kSimplifiedVariant,镧
鑰,kSimplifiedVariant,钥
鑱,kSimplifiedVariant,镵
鑲,kSimplifiedVariant,镶
鑷,kSimplifiedVariant,镊
鑹,kSimplifiedVariant,镩
鑼,kSimplifiedVariant,锣
鑽,kSimplifiedVariant,钻
鑾,kSimplifiedVariant,銮
鑿,kSimplifiedVariant,凿
钁,kSimplifiedVariant,镢
長,kSimplifiedVariant,长
門,kSimplifiedVariant,门
閂,kSimplifiedVariant,闩
閃,kSimplifiedVariant,闪
閆,kSimplifiedVariant,闫
閈,kSimplifiedVariant,闬
閉,kSimplifiedVariant,闭
開,kSimplifiedVariant,开
閌,kSimplifiedVariant,闶
閍,kSimplifiedVariant,𨸂
閎,kSimplifiedVariant,闳
閏,kSimplifiedVariant,闰
閐,kSimplifiedVariant,𨸃
閑,kSimplifiedVariant,闲
間,kSimplifiedVariant,间
閔,kSimplifiedVariant,闵
閘,kSimplifiedVariant,闸
閡,kSimplifiedVariant,阂
閣,kSimplifiedVariant,阁
閥,kSimplifiedVariant,阀
閨,kSimplifiedVariant,闺
閩,kSimplifiedVariant,闽
閫,kSimplifiedVariant,阃
閬,kSimplifiedVariant,阆
閭,kSimplifiedVariant,闾
閱,kSimplifiedVariant,阅
閶,kSimplifiedVariant,阊
閹,kSimplifiedVariant,阬
閻,kSimplifiedVariant,阎
閼,kSimplifiedVariant,阏
閽,kSimplifiedVariant,阍
閾,kSimplifiedVariant,阈
閿,kSimplifiedVariant,阌
闃,kSimplifiedVariant,阒
闆,kSimplifiedVariant,板
闈,kSimplifiedVariant,闱
闊,kSimplifiedVariant,阔
闋,kSimplifiedVariant,阕
闌,kSimplifiedVariant,阑
闍,kSimplifiedVariant,阇
闐,kSimplifiedVariant,阗
闒,kSimplifiedVariant,阘
闓,kSimplifiedVariant,闿
闔,kSimplifiedVariant,阖
闕,kSimplifiedVariant,阙
闖,kSimplifiedVariant,闯
關,kSimplifiedVariant,关
闞,kSimplifiedVariant,阚
闠,kSimplifiedVariant,阓
闡,kSimplifiedVariant,阐
闤,kSimplifiedVariant,阛
闥,kSimplifiedVariant,闼
阪,kSimplifiedVariant,坂
陘,kSimplifiedVariant,陉
陝,kSimplifiedVariant,陕
陣,kSimplifiedVariant,阵
陰,kSimplifiedVariant,阴
陳,kSimplifiedVariant,陈
陸,kSimplifiedVariant,陆
陽,kSimplifiedVariant,阳
隉,kSimplifiedVariant,陧
隊,kSimplifiedVariant,队
階,kSimplifiedVariant,阶
隕,kSimplifiedVariant,陨
際,kSimplifiedVariant,际
隨,kSimplifiedVariant,随
險,kSimplifiedVariant,险
隱,kSimplifiedVariant,隐
隴,kSimplifiedVariant,陇
隸,kSimplifiedVariant,隶
隻,kSimplifiedVariant,只
雋,kSimplifiedVariant,隽
雖,kSimplifiedVariant,虽
雙,kSimplifiedVariant,双
雛,kSimplifiedVariant,雏
雜,kSimplifiedVariant,杂
雞,kSimplifiedVariant,鸡
離,kSimplifiedVariant,离
難,kSimplifiedVariant,难
雲,kSimplifiedVariant,云
電,kSimplifiedVariant,电
霢,kSimplifiedVariant,霡
霧,kSimplifiedVariant,雾
霽,kSimplifiedVariant,霁
靂,kSimplifiedVariant,雳
靄,kSimplifiedVariant,霭
靈,kSimplifiedVariant,灵
靚,kSimplifiedVariant,靓
靜,kSimplifiedVariant,静
靦,kSimplifiedVariant,腼
靨,kSimplifiedVariant,靥
鞀,kSimplifiedVariant,鼗
鞏,kSimplifiedVariant,巩
鞝,kSimplifiedVariant,绱
鞽,kSimplifiedVariant,鞒
韁,kSimplifiedVariant,缰
韃,kSimplifiedVariant,鞑
韉,kSimplifiedVariant,鞯
韋,kSimplifiedVariant,韦
韌,kSimplifiedVariant,韧
韍,kSimplifiedVariant,韨
韓,kSimplifiedVariant,韩
韙,kSimplifiedVariant,韪
韜,kSimplifiedVariant,韬
韞,kSimplifiedVariant,韫
韻,kSimplifiedVariant,韵
響,kSimplifiedVariant,响
頁,kSimplifiedVariant,页
頂,kSimplifiedVariant,顶
頃,kSimplifiedVariant,顷
項,kSimplifiedVariant,项
順,kSimplifiedVariant,顺
頇,kSimplifiedVariant,顸
須,kSimplifiedVariant,须
頊,kSimplifiedVariant,顼
頌,kSimplifiedVariant,颂
頎,kSimplifiedVariant,颀
頏,kSimplifiedVariant,颃
預,kSimplifiedVariant,预
頑,kSimplifiedVariant,顽
頒,kSimplifiedVariant,颁
頓,kSimplifiedVariant,顿
頗,kSimplifiedVariant,颇
領,kSimplifiedVariant,领
頜,kSimplifiedVariant,颌
頡,kSimplifiedVariant,颉
頤,kSimplifiedVariant,颐
頦,kSimplifiedVariant,颏
頭,kSimplifiedVariant,头
頮,kSimplifiedVariant,颒
頰,kSimplifiedVariant,颊
頲,kSimplifiedVariant,颋
頴,kSimplifiedVariant,颕
頷,kSimplifiedVariant,颔
頸,kSimplifiedVariant,颈
頹,kSimplifiedVariant,颓
頻,kSimplifiedVariant,频
顃,kSimplifiedVariant,𩖖
顆,kSimplifiedVariant,颗
題,kSimplifiedVariant,题
額,kSimplifiedVariant,额
顎,kSimplifiedVariant,颚
顏,kSimplifiedVariant,颜
顒,kSimplifiedVariant,颙
顓,kSimplifiedVariant,颛
願,kSimplifiedVariant,愿;𫖸
顙,kSimplifiedVariant,颡
顛,kSimplifiedVariant,颠
類,kSimplifiedVariant,类
顢,kSimplifiedVariant,颟
顥,kSimplifiedVariant,颢
顧,kSimplifiedVariant,顾
顫,kSimplifiedVariant,颤
顬,kSimplifiedVariant,颥
顯,kSimplifiedVariant,显
顰,kSimplifiedVariant,颦
顱,kSimplifiedVariant,颅
顳,kSimplifiedVariant,颞
顴,kSimplifiedVariant,颧
風,kSimplifiedVariant,风
颭,kSimplifiedVariant,飐
颮,kSimplifiedVariant,飑
颯,kSimplifiedVariant,飒
颰,kSimplifiedVariant,𩙥
颱,kSimplifiedVariant,台
颳,kSimplifiedVariant,刮
颶,kSimplifiedVariant,飓
颷,kSimplifiedVariant,𩙪
颸,kSimplifiedVariant,飔
颺,kSimplifiedVariant,飏
颻,kSimplifiedVariant,飖
颼,kSimplifiedVariant,飕
颾,kSimplifiedVariant,𩙫
飀,kSimplifiedVariant,飗
飄,kSimplifiedVariant,飘
飆,kSimplifiedVariant,飙
飈,kSimplifiedVariant,飚
飛,kSimplifiedVariant,飞
飠,kSimplifiedVariant,饣
飢,kSimplifiedVariant,饥
飣,kSimplifiedVariant,饤
飥,kSimplifiedVariant,饦
飩,kSimplifiedVariant,饨
飪,kSimplifiedVariant,饪
飫,kSimplifiedVariant,饫
飭,kSimplifiedVariant,饬
飯,kSimplifiedVariant,饭
飲,kSimplifiedVariant,饮
飴,kSimplifiedVariant,饴
飼,kSimplifiedVariant,饲
飽,kSimplifiedVariant,饱
飾,kSimplifiedVariant,饰
飿,kSimplifiedVariant,饳
餃,kSimplifiedVariant,饺
餄,kSimplifiedVariant,饸
餅,kSimplifiedVariant,饼
餬,kSimplifiedVariant,饷
養,kSimplifiedVariant,养
餌,kSimplifiedVariant,饵
餎,kSimplifiedVariant,饹
餏,kSimplifiedVariant,饻
餑,kSimplifiedVariant,饽
餒,kSimplifiedVariant,馁
餓,kSimplifiedVariant,饿
餔,kSimplifiedVariant,𫗦
餕,kSimplifiedVariant,馂
餖,kSimplifiedVariant,饾
餗,kSimplifiedVariant,𫗧
餘,kSimplifiedVariant,余;馀
餚,kSimplifiedVariant,肴
餛,kSimplifiedVariant,馄
餜,kSimplifiedVariant,馃
餞,kSimplifiedVariant,饯
餡,kSimplifiedVariant,馅
餦,kSimplifiedVariant,𫗠
館,kSimplifiedVariant,馆
餭,kSimplifiedVariant,𫗮
餱,kSimplifiedVariant,糇
餳,kSimplifiedVariant,饧
餶,kSimplifiedVariant,馉
餷,kSimplifiedVariant,馇
餸,kSimplifiedVariant,𩠌
餺,kSimplifiedVariant,馎
餼,kSimplifiedVariant,饩
餾,kSimplifiedVariant,馏
餿,kSimplifiedVariant,馊
饁,kSimplifiedVariant,馌
饃,kSimplifiedVariant,馍
饅,kSimplifiedVariant,馒
饈,kSimplifiedVariant,馐
饉,kSimplifiedVariant,馑
饊,kSimplifiedVariant,馓
饋,kSimplifiedVariant,馈
饌,kSimplifiedVariant,馔
饒,kSimplifiedVariant,饶
饗,kSimplifiedVariant,飨
饘,kSimplifiedVariant,𫗴
饜,kSimplifiedVariant,餍
饞,kSimplifiedVariant,馋
饢,kSimplifiedVariant,馕
馬,kSimplifiedVariant,马
馭,kSimplifiedVariant,驭
馮,kSimplifiedVariant,冯
馱,kSimplifiedVariant,驮
馳,kSimplifiedVariant,驰
馴,kSimplifiedVariant,驯
馹,kSimplifiedVariant,驲
駁,kSimplifiedVariant,驳
駃,kSimplifiedVariant,𫘝
駎,kSimplifiedVariant,𩧨
駐,kSimplifiedVariant,驻
駑,kSimplifiedVariant,驽
駒,kSimplifiedVariant,驹
駔,kSimplifiedVariant,驵
駕,kSimplifiedVariant,驾
駘,kSimplifiedVariant,骀
駙,kSimplifiedVariant,驸
駚,kSimplifiedVariant,𩧫
駛,kSimplifiedVariant,驶
駝,kSimplifiedVariant,驼
駟,kSimplifiedVariant,驷
駢,kSimplifiedVariant,骈
駧,kSimplifiedVariant,𩧲
駩,kSimplifiedVariant,𩧴
駭,kSimplifiedVariant,骇
駰,kSimplifiedVariant,骃
駱,kSimplifiedVariant,骆
駶,kSimplifiedVariant,𩧺
駸,kSimplifiedVariant,骎
駻,kSimplifiedVariant,𫘣
駿,kSimplifiedVariant,骏
騁,kSimplifiedVariant,骋
騂,kSimplifiedVariant,骍
騃,kSimplifiedVariant,𫘤
騅,kSimplifiedVariant,骓
騌,kSimplifiedVariant,骔
騍,kSimplifiedVariant,骒
騎,kSimplifiedVariant,骑
騏,kSimplifiedVariant,骐
騔,kSimplifiedVariant,𩨀
騖,kSimplifiedVariant,骛
騙,kSimplifiedVariant,骗
騚,kSimplifiedVariant,𩨊
騝,kSimplifiedVariant,𩨃
騟,kSimplifiedVariant,𩨈
騠,kSimplifiedVariant,𫘨
騤,kSimplifiedVariant,骙
騧,kSimplifiedVariant,䯄
騪,kSimplifiedVariant,𩨄
騫,kSimplifiedVariant,骞
騭,kSimplifiedVariant,骘
騮,kSimplifiedVariant,骝
騰,kSimplifiedVariant,腾
騶,kSimplifiedVariant,驺
騷,kSimplifiedVariant,骚
騸,kSimplifiedVariant,骟
騾,kSimplifiedVariant,骡
驀,kSimplifiedVariant,蓦
驁,kSimplifiedVariant,骜
驂,kSimplifiedVariant,骖
驃,kSimplifiedVariant,骠
驄,kSimplifiedVariant,骢
驅,kSimplifiedVariant,驱
驊,kSimplifiedVariant,骅
驋,kSimplifiedVariant,𩧯
驌,kSimplifiedVariant,骕
驍,kSimplifiedVariant,骁
驏,kSimplifiedVariant,骣
驕,kSimplifiedVariant,骄
驗,kSimplifiedVariant,验
驚,kSimplifiedVariant,惊
驛,kSimplifiedVariant,驿
驟,kSimplifiedVariant,骤
驢,kSimplifiedVariant,驴
驤,kSimplifiedVariant,骧
驥,kSimplifiedVariant,骥
驦,kSimplifiedVariant,骦
驪,kSimplifiedVariant,骊
驫,kSimplifiedVariant,骉
骯,kSimplifiedVariant,肮
髏,kSimplifiedVariant,髅
髒,kSimplifiedVariant,脏
體,kSimplifiedVariant,体
髕,kSimplifiedVariant,髌
髖,kSimplifiedVariant,髋
髮,kSimplifiedVariant,发
鬆,kSimplifiedVariant,松
鬍,kSimplifiedVariant,胡
鬚,kSimplifiedVariant,须
鬢,kSimplifiedVariant,鬓
鬥,kSimplifiedVariant,斗
鬧,kSimplifiedVariant,闹
鬩,kSimplifiedVariant,阋
鬮,kSimplifiedVariant,阄
鬱,kSimplifiedVariant,郁
鬹,kSimplifiedVariant,鬶
魎,kSimplifiedVariant,魉
魘,kSimplifiedVariant,魇
魚,kSimplifiedVariant,鱼
魛,kSimplifiedVariant,鱽
魟,kSimplifiedVariant,𫚉
魢,kSimplifiedVariant,鱾
魥,kSimplifiedVariant,𩽹
魨,kSimplifiedVariant,鲀
魯,kSimplifiedVariant,鲁
魴,kSimplifiedVariant,鲂
魷,kSimplifiedVariant,鱿
魺,kSimplifiedVariant,鲄
鮁,kSimplifiedVariant,鲅
鮃,kSimplifiedVariant,鲆
鮄,kSimplifiedVariant,𫚒
鮊,kSimplifiedVariant,鲌
鮋,kSimplifiedVariant,鲉
鮍,kSimplifiedVariant,鲏
鮐,kSimplifiedVariant,鲐
鮑,kSimplifiedVariant,鲍
鮒,kSimplifiedVariant,鲋
鮓,kSimplifiedVariant,鲊
鮚,kSimplifiedVariant,鲒
鮜,kSimplifiedVariant,鲘
鮞,kSimplifiedVariant,鲕
鮟,kSimplifiedVariant,𩽾
鮣,kSimplifiedVariant,䲟
鮦,kSimplifiedVariant,鲖
鮪,kSimplifiedVariant,鲔
鮫,kSimplifiedVariant,鲛
鮭,kSimplifiedVariant,鲑
鮮,kSimplifiedVariant,鲜
鮰,kSimplifiedVariant,𫚔
鮳,kSimplifiedVariant,鲓
鮶,kSimplifiedVariant,鲪
鮸,kSimplifiedVariant,𩾃
鮺,kSimplifiedVariant,鲝
鯀,kSimplifiedVariant,鲧
鯁,kSimplifiedVariant,鲠
鯄,kSimplifiedVariant,𩾁
鯆,kSimplifiedVariant,𫚙
鯇,kSimplifiedVariant,鲩
鯉,kSimplifiedVariant,鲤
鯊,kSimplifiedVariant,鲨
鯒,kSimplifiedVariant,鲬
鯔,kSimplifiedVariant,鲻
鯕,kSimplifiedVariant,鲯
鯖,kSimplifiedVariant,鲭
鯗,kSimplifiedVariant,鲞
鯛,kSimplifiedVariant,鲷
鯝,kSimplifiedVariant,鲴
鯡,kSimplifiedVariant,鲱
鯢,kSimplifiedVariant,鲵
鯤,kSimplifiedVariant,鲲
鯧,kSimplifiedVariant,鲳
鯨,kSimplifiedVariant,鲸
鯪,kSimplifiedVariant,鲮
鯫,kSimplifiedVariant,鲰
鯱,kSimplifiedVariant,𩾇
鯴,kSimplifiedVariant,鲺
鯶,kSimplifiedVariant,𩽼
鯷,kSimplifiedVariant,鳀
鯽,kSimplifiedVariant,鲫
鯿,kSimplifiedVariant,鳊
鰁,kSimplifiedVariant,鳈
鰂,kSimplifiedVariant,鲗
鰃,kSimplifiedVariant,鳂
鰆,kSimplifiedVariant,䲠
鰈,kSimplifiedVariant,鲽
鰬,kSimplifiedVariant,鳇
鰌,kSimplifiedVariant,䲡
鰍,kSimplifiedVariant,鳅
鰏,kSimplifiedVariant,鲾
鰒,kSimplifiedVariant,鳆
鰓,kSimplifiedVariant,鳃
鰜,kSimplifiedVariant,鳒
鰟,kSimplifiedVariant,鳑
鰠,kSimplifiedVariant,鳋
鰣,kSimplifiedVariant,鲥
鰤,kSimplifiedVariant,𫚕
鰥,kSimplifiedVariant,鳏
鰧,kSimplifiedVariant,䲢
鰨,kSimplifiedVariant,鳎
鰩,kSimplifiedVariant,鳐
鰭,kSimplifiedVariant,鳍
鰮,kSimplifiedVariant,鳁
鰱,kSimplifiedVariant,鲢
鰲,kSimplifiedVariant,鳌
鰳,kSimplifiedVariant,鳓
鰵,kSimplifiedVariant,鳘
鰷,kSimplifiedVariant,鲦
鰹,kSimplifiedVariant,鲣
鰺,kSimplifiedVariant,鲹
鰻,kSimplifiedVariant,鳗
鰼,kSimplifiedVariant,鳛
鰾,kSimplifiedVariant,鳔
鱂,kSimplifiedVariant,鳉
鱅,kSimplifiedVariant,鳙
鱇,kSimplifiedVariant,𩾌
鱈,kSimplifiedVariant,鳕
鱉,kSimplifiedVariant,鳖
鱒,kSimplifiedVariant,鳟
鱔,kSimplifiedVariant,鳝
鱖,kSimplifiedVariant,鳜
鱗,kSimplifiedVariant,鳞
鱘,kSimplifiedVariant,鲟
鱝,kSimplifiedVariant,鲼
鱟,kSimplifiedVariant,鲎
鱠,kSimplifiedVariant,鲙
鱣,kSimplifiedVariant,鳣
鱤,kSimplifiedVariant,鳡
鱧,kSimplifiedVariant,鳢
鱨,kSimplifiedVariant,鲿
鱭,kSimplifiedVariant,鲚
鱮,kSimplifiedVariant,𫚈
鱯,kSimplifiedVariant,鳠
鱷,kSimplifiedVariant,鳄
鱸,kSimplifiedVariant,鲈
鱺,kSimplifiedVariant,鲡
鳥,kSimplifiedVariant,鸟
鳧,kSimplifiedVariant,凫
鳩,kSimplifiedVariant,鸠
鳲,kSimplifiedVariant,鸤
鳳,kSimplifiedVariant,凤
鳴,kSimplifiedVariant,鸣
鳶,kSimplifiedVariant,鸢
鳷,kSimplifiedVariant,𫛛
鳼,kSimplifiedVariant,𪉃
鳾,kSimplifiedVariant,䴓
鴃,kSimplifiedVariant,𫛞
鴆,kSimplifiedVariant,鸩
鴇,kSimplifiedVariant,鸨
鴬,kSimplifiedVariant,鸦
鴒,kSimplifiedVariant,鸰
鴕,kSimplifiedVariant,鸵
鴗,kSimplifiedVariant,𫁡
鴛,kSimplifiedVariant,鸳
鴜,kSimplifiedVariant,𪉈
鴝,kSimplifiedVariant,鸲
鴞,kSimplifiedVariant,鸮
鴟,kSimplifiedVariant,鸱
鴣,kSimplifiedVariant,鸪
鴦,kSimplifiedVariant,鸯
鴨,kSimplifiedVariant,鸭
鴯,kSimplifiedVariant,鸸
鴰,kSimplifiedVariant,鸹
鴲,kSimplifiedVariant,𪉆
鴴,kSimplifiedVariant,鸻
鴷,kSimplifiedVariant,䴕
鴻,kSimplifiedVariant,鸿
鴿,kSimplifiedVariant,鸽
鵁,kSimplifiedVariant,䴔
鵂,kSimplifiedVariant,鸺
鵃,kSimplifiedVariant,鸼
鵐,kSimplifiedVariant,鹀
鵑,kSimplifiedVariant,鹃
鵒,kSimplifiedVariant,鹆
鵓,kSimplifiedVariant,鹁
鵚,kSimplifiedVariant,𪉍
鵜,kSimplifiedVariant,鹈
鵝,kSimplifiedVariant,鹅
鵠,kSimplifiedVariant,鹄
鵡,kSimplifiedVariant,鹉
鵪,kSimplifiedVariant,鹌
鵬,kSimplifiedVariant,鹏
鵮,kSimplifiedVariant,鹐
鵯,kSimplifiedVariant,鹎
鵲,kSimplifiedVariant,鹊
鵷,kSimplifiedVariant,鹓
鵾,kSimplifiedVariant,鹍
鶄,kSimplifiedVariant,䴖
鶇,kSimplifiedVariant,鸫
鶉,kSimplifiedVariant,鹑
鶊,kSimplifiedVariant,鹒
鶒,kSimplifiedVariant,𫛶
鶓,kSimplifiedVariant,鹋
鶖,kSimplifiedVariant,鹙
鶗,kSimplifiedVariant,𫛸
鶘,kSimplifiedVariant,鹕
鶚,kSimplifiedVariant,鹗
鶡,kSimplifiedVariant,鹖
鶥,kSimplifiedVariant,鹛
鶩,kSimplifiedVariant,鹜
鶪,kSimplifiedVariant,䴗
鶬,kSimplifiedVariant,鸧
鶯,kSimplifiedVariant,莺
鶲,kSimplifiedVariant,鹟
鶴,kSimplifiedVariant,鹤
鶹,kSimplifiedVariant,鹠
鶺,kSimplifiedVariant,鹡
鶻,kSimplifiedVariant,鹘
鶼,kSimplifiedVariant,鹣
鶿,kSimplifiedVariant,鹚
鷁,kSimplifiedVariant,鹢
鷂,kSimplifiedVariant,鹞
鷈,kSimplifiedVariant,䴘
鷊,kSimplifiedVariant,鹝
鷓,kSimplifiedVariant,鹧
鷔,kSimplifiedVariant,𪉑
鷖,kSimplifiedVariant,鹥
鷗,kSimplifiedVariant,鸥
鷙,kSimplifiedVariant,鸷
鷚,kSimplifiedVariant,鹨
鷥,kSimplifiedVariant,鸶
鷦,kSimplifiedVariant,鹪
鷨,kSimplifiedVariant,𪉊
鷫,kSimplifiedVariant,鹔
鷯,kSimplifiedVariant,鹩
鷲,kSimplifiedVariant,鹫
鷳,kSimplifiedVariant,鹇
鷸,kSimplifiedVariant,鹬
鷹,kSimplifiedVariant,鹰
鷺,kSimplifiedVariant,鹭
鷽,kSimplifiedVariant,鸴
鷿,kSimplifiedVariant,䴙
鸂,kSimplifiedVariant,㶉
鸇,kSimplifiedVariant,鹯
鸋,kSimplifiedVariant,𫛢
鸌,kSimplifiedVariant,鹱
鸏,kSimplifiedVariant,鹲
鸕,kSimplifiedVariant,鸬
鸘,kSimplifiedVariant,鹴
鸚,kSimplifiedVariant,鹦
鸛,kSimplifiedVariant,鹳
鸝,kSimplifiedVariant,鹂
鸞,kSimplifiedVariant,鸾
鹵,kSimplifiedVariant,卤
鹹,kSimplifiedVariant,咸
鹺,kSimplifiedVariant,鹾
鹼,kSimplifiedVariant,硷
鹽,kSimplifiedVariant,盐
麗,kSimplifiedVariant,丽
麥,kSimplifiedVariant,麦
麨,kSimplifiedVariant,𪎊
麩,kSimplifiedVariant,麸
麲,kSimplifiedVariant,𪎉
麵,kSimplifiedVariant,面
麼,kSimplifiedVariant,么
麽,kSimplifiedVariant,么
黃,kSimplifiedVariant,黄
黌,kSimplifiedVariant,黉
點,kSimplifiedVariant,点
黨,kSimplifiedVariant,党
黲,kSimplifiedVariant,黪
黶,kSimplifiedVariant,黡
黷,kSimplifiedVariant,黩
黽,kSimplifiedVariant,黾
黿,kSimplifiedVariant,鼋
鼬,kSimplifiedVariant,鼍
鼴,kSimplifiedVariant,鼹
齊,kSimplifiedVariant,齐
齋,kSimplifiedVariant,斋
齎,kSimplifiedVariant,赍
齏,kSimplifiedVariant,齑
齒,kSimplifiedVariant,齿
齔,kSimplifiedVariant,龀
齕,kSimplifiedVariant,龁
齗,kSimplifiedVariant,龂
齙,kSimplifiedVariant,龅
齜,kSimplifiedVariant,龇
齟,kSimplifiedVariant,龃
齠,kSimplifiedVariant,龆
齡,kSimplifiedVariant,龄
齦,kSimplifiedVariant,龈
齪,kSimplifiedVariant,龊
齬,kSimplifiedVariant,龉
齲,kSimplifiedVariant,龋
齶,kSimplifiedVariant,腭
齷,kSimplifiedVariant,龌
龍,kSimplifiedVariant,龙
龎,kSimplifiedVariant,厐
龐,kSimplifiedVariant,庞
龑,kSimplifiedVariant,䶮
龔,kSimplifiedVariant,龚
龕,kSimplifiedVariant,龛
龜,kSimplifiedVariant,龟
龭,kSimplifiedVariant,𩨎
龯,kSimplifiedVariant,𨱆
𠌥,kSimplifiedVariant,𠆿
𠏢,kSimplifiedVariant,𠉗
𠞆,kSimplifiedVariant,𠛆
𠠎,kSimplifiedVariant,𠚳
𡄔,kSimplifiedVariant,𠴢
𡄣,kSimplifiedVariant,𠵸
𡅏,kSimplifiedVariant,𠲥
𡑭,kSimplifiedVariant,𡋗
𡓾,kSimplifiedVariant,𡋀
𡞵,kSimplifiedVariant,㛟
𡠹,kSimplifiedVariant,㛿
𡢃,kSimplifiedVariant,㛠
𡮉,kSimplifiedVariant,𡭜
𡮣,kSimplifiedVariant,𡭬
𡾱,kSimplifiedVariant,㟜
𢣚,kSimplifiedVariant,𢘝
𢣭,kSimplifiedVariant,𢘞
𢶫,kSimplifiedVariant,𢫞
𢷮,kSimplifiedVariant,𢫊
𢹿,kSimplifiedVariant,𢬦
𣙎,kSimplifiedVariant,㭣
𣝕,kSimplifiedVariant,𣘷
𣞻,kSimplifiedVariant,𣘓
𣠲,kSimplifiedVariant,𣑶
𣯴,kSimplifiedVariant,𣭤
𣾷,kSimplifiedVariant,㳢
𣿉,kSimplifiedVariant,𣶫
𤁣,kSimplifiedVariant,𣺽
𤒎,kSimplifiedVariant,𤊀
𤪺,kSimplifiedVariant,㻘
𤫩,kSimplifiedVariant,㻏
𤳸,kSimplifiedVariant,𤳄
𤸫,kSimplifiedVariant,𤶧
𥌃,kSimplifiedVariant,𥅘
𥕥,kSimplifiedVariant,𥐰
𥖅,kSimplifiedVariant,𥐯
𥢢,kSimplifiedVariant,䅪
𥨐,kSimplifiedVariant,𥧂
𥵃,kSimplifiedVariant,𥱔
𥵊,kSimplifiedVariant,𥭉
𥸠,kSimplifiedVariant,𥮋
𥼽,kSimplifiedVariant,𥹥
𥽖,kSimplifiedVariant,𥺇
𥿊,kSimplifiedVariant,𦈈
𦂅,kSimplifiedVariant,𦈒
𦃄,kSimplifiedVariant,𦈗
𦢈,kSimplifiedVariant,𣍨
𦣎,kSimplifiedVariant,𦟗
𦪽,kSimplifiedVariant,𦨩
𧔥,kSimplifiedVariant,𧒭
𧜗,kSimplifiedVariant,䘞
𧜵,kSimplifiedVariant,䙊
𧝞,kSimplifiedVariant,䘛
𧩙,kSimplifiedVariant,䜥
𧳟,kSimplifiedVariant,𧳕
𧵳,kSimplifiedVariant,䞌
𧶔,kSimplifiedVariant,𧹓
𧶧,kSimplifiedVariant,䞎
𨄣,kSimplifiedVariant,𨀱
𨅍,kSimplifiedVariant,𨁴
𨇁,kSimplifiedVariant,𧿈
𨇞,kSimplifiedVariant,𨅫
𨈊,kSimplifiedVariant,𨂺
𨈌,kSimplifiedVariant,𨄄
𨊰,kSimplifiedVariant,䢀
𨊸,kSimplifiedVariant,䢁
𨊻,kSimplifiedVariant,𨐆
𨋢,kSimplifiedVariant,䢂
𨎮,kSimplifiedVariant,𨐬
𨏠,kSimplifiedVariant,𨐇
𨏥,kSimplifiedVariant,𨐊
𨤻,kSimplifiedVariant,𨤰
𨥛,kSimplifiedVariant,𨱀
𨦫,kSimplifiedVariant,䦀
𨧜,kSimplifiedVariant,䦁
𨧱,kSimplifiedVariant,𨱊
𨫒,kSimplifiedVariant,𨱐
𨮂,kSimplifiedVariant,𨱕
𨯅,kSimplifiedVariant,䥿
𨳑,kSimplifiedVariant,𨸁
𨳕,kSimplifiedVariant,𨸀
𨴗,kSimplifiedVariant,𨸅
𨵩,kSimplifiedVariant,𨸆
𨵸,kSimplifiedVariant,𨸇
𨶀,kSimplifiedVariant,𨸬
𨶏,kSimplifiedVariant,𨸊
𨶮,kSimplifiedVariant,𨸌
𨶲,kSimplifiedVariant,𨸋
𨷲,kSimplifiedVariant,𨸎
𨽏,kSimplifiedVariant,𨸘
𩎢,kSimplifiedVariant,𩏾
𩏪,kSimplifiedVariant,𩏽
𩓣,kSimplifiedVariant,𩖕
𩗀,kSimplifiedVariant,𩙦
𩘀,kSimplifiedVariant,𩙩
𩘝,kSimplifiedVariant,𩙭
𩘹,kSimplifiedVariant,𩙨
𩘺,kSimplifiedVariant,𩙬
𩙈,kSimplifiedVariant,𩙰
𩚛,kSimplifiedVariant,𩟿
𩚥,kSimplifiedVariant,𩠀
𩚵,kSimplifiedVariant,𩠁
𩛆,kSimplifiedVariant,𩠂
𩛩,kSimplifiedVariant,𩠃
𩜇,kSimplifiedVariant,𩠬
𩜦,kSimplifiedVariant,𩠆
𩜵,kSimplifiedVariant,𩠊
𩝔,kSimplifiedVariant,𩠋
𩞄,kSimplifiedVariant,𩠎
𩞦,kSimplifiedVariant,𩠏
𩞯,kSimplifiedVariant,䭪
𩟐,kSimplifiedVariant,𩠅
𩠴,kSimplifiedVariant,𩠠
𩡺,kSimplifiedVariant,𩧦
𩢡,kSimplifiedVariant,𩧬
𩢴,kSimplifiedVariant,𩧵
𩢸,kSimplifiedVariant,𩧳
𩢾,kSimplifiedVariant,𩧮
𩣏,kSimplifiedVariant,𩧶
𩣑,kSimplifiedVariant,䯃
𩣺,kSimplifiedVariant,𩧼
𩤊,kSimplifiedVariant,𩧩
𩤙,kSimplifiedVariant,𩨆
𩤲,kSimplifiedVariant,𩨬
𩤸,kSimplifiedVariant,𩨅
𩥄,kSimplifiedVariant,𩨋
𩥇,kSimplifiedVariant,𩨍
𩥉,kSimplifiedVariant,𩧱
𩥑,kSimplifiedVariant,𩨌
𩧆,kSimplifiedVariant,𩨐
𩭙,kSimplifiedVariant,𩬣
𩯳,kSimplifiedVariant,𩯒
𩰀,kSimplifiedVariant,𩬤
𩳤,kSimplifiedVariant,𩲒
𩵩,kSimplifiedVariant,𩽺
𩵹,kSimplifiedVariant,𩽻
𩶘,kSimplifiedVariant,䲞
𩶰,kSimplifiedVariant,𩽿
𩶱,kSimplifiedVariant,𩽽
𩷰,kSimplifiedVariant,𩾄
𩸃,kSimplifiedVariant,𩾅
𩸦,kSimplifiedVariant,𩾆
𩿪,kSimplifiedVariant,𪉄
𪀦,kSimplifiedVariant,𪉅
𪀾,kSimplifiedVariant,𪉋
𪁈,kSimplifiedVariant,𪉉
𪁖,kSimplifiedVariant,𪉌
𪂆,kSimplifiedVariant,𪉎
𪃍,kSimplifiedVariant,𪉐
𪃏,kSimplifiedVariant,𪉏
𪄆,kSimplifiedVariant,𪉔
𪄕,kSimplifiedVariant,𪉒
𪇳,kSimplifiedVariant,𪉕
𪋿,kSimplifiedVariant,𪎍
𪔵,kSimplifiedVariant,𪔭
𪘀,kSimplifiedVariant,𪚏
𪘯,kSimplifiedVariant,𪚐