錒|锕|SayJack|
藹|蔼|SayJack|
愛|爱|SayJack|
礙|碍|SayJack|
捱|挨|SayJack|
皚|皑|SayJack|
靄|霭|SayJack|
曖|暧|SayJack|
騃|呆|SayJack|
嬡|嫒|SayJack|
璦|瑷|SayJack|
鎄|锿|SayJack|
噯|嗳|SayJack|
菴|庵|SayJack|
鵪|鹌|SayJack|
闇|暗|SayJack|
銨|铵|SayJack|
諳|谙|SayJack|
骯|肮|SayJack|
奧|奥|SayJack|
襖|袄|SayJack|
嶴|岙|SayJack|
驁|骜|SayJack|
鼇|鳌|SayJack|
媼|媪|SayJack|
罷|罢|SayJack|
壩|坝|SayJack|
鈀|钯|SayJack|
䰾|鲃|SayJack|
擺|摆|SayJack|
敗|败|SayJack|
唄|呗|SayJack|
辦|办|SayJack|
頒|颁|SayJack|
闆|板|SayJack|
絆|绊|SayJack|
鈑|钣|SayJack|
綁|绑|SayJack|
幫|帮|SayJack|
謗|谤|SayJack|
鎊|镑|SayJack|
鮑|鲍|SayJack|
報|报|SayJack|
寶|宝|SayJack|
飽|饱|SayJack|
鉋|刨|SayJack|
鴇|鸨|SayJack|
備|备|SayJack|
輩|辈|SayJack|
貝|贝|SayJack|
狽|狈|SayJack|
盃|杯|SayJack|
憊|惫|SayJack|
揹|背|SayJack|
鋇|钡|SayJack|
鵯|鹎|SayJack|
錛|锛|SayJack|
繃|绷|SayJack|
鏰|镚|SayJack|
筆|笔|SayJack|
畢|毕|SayJack|
閉|闭|SayJack|
痺|痹|SayJack|
幣|币|SayJack|
斃|毙|SayJack|
篳|筚|SayJack|
贔|赑|SayJack|
賁|贲|SayJack|
嗶|哔|SayJack|
鰏|鲾|SayJack|
鉍|铋|SayJack|
詖|诐|SayJack|
蹕|跸|SayJack|
蓽|荜|SayJack|
編|编|SayJack|
辯|辩|SayJack|
變|变|SayJack|
邊|边|SayJack|
辮|辫|SayJack|
貶|贬|SayJack|
鯿|鳊|SayJack|
籩|笾|SayJack|
緶|缏|SayJack|
標|标|SayJack|
錶|表|SayJack|
鑣|镳|SayJack|
飆|飙|SayJack|
颮|飑|SayJack|
鰾|鳔|SayJack|
鏢|镖|SayJack|
別|别|SayJack|
彆|别|SayJack|
鼈|鳖|SayJack|
鱉|鳖|SayJack|
癟|瘪|SayJack|
殯|殡|SayJack|
繽|缤|SayJack|
濱|滨|SayJack|
賓|宾|SayJack|
瀕|濒|SayJack|
鬢|鬓|SayJack|
檳|槟|SayJack|
鑌|镔|SayJack|
髕|髌|SayJack|
擯|摈|SayJack|
儐|傧|SayJack|
臏|膑|SayJack|
並|并|SayJack|
併|并|SayJack|
餅|饼|SayJack|
稟|禀|SayJack|
蔔|卜|SayJack|
撥|拨|SayJack|
剝|剥|SayJack|
駁|驳|SayJack|
鵓|鹁|SayJack|
餑|饽|SayJack|
鎛|镈|SayJack|
鮊|鲌|SayJack|
鮁|鲅|SayJack|
缽|钵|SayJack|
鈸|钹|SayJack|
蘗|檗|SayJack|
鉑|铂|SayJack|
襏|袯|SayJack|
佈|布|SayJack|
補|补|SayJack|
鈽|钸|SayJack|
綵|彩|SayJack|
採|采|SayJack|
財|财|SayJack|
慘|惨|SayJack|
慚|惭|SayJack|
殘|残|SayJack|
燦|灿|SayJack|
蠶|蚕|SayJack|
參|参|SayJack|
叄|叁|SayJack|
驂|骖|SayJack|
滄|沧|SayJack|
倉|仓|SayJack|
艙|舱|SayJack|
蒼|苍|SayJack|
傖|伧|SayJack|
測|测|SayJack|
廁|厕|SayJack|
側|侧|SayJack|
冊|册|SayJack|
厠|厕|SayJack|
惻|恻|SayJack|
層|层|SayJack|
剎|刹|SayJack|
詫|诧|SayJack|
餷|馇|SayJack|
鍤|锸|SayJack|
鑔|镲|SayJack|
奼|姹|SayJack|
蠆|虿|SayJack|
儕|侪|SayJack|
釵|钗|SayJack|
纏|缠|SayJack|
鏟|铲|SayJack|
產|产|SayJack|
蟬|蝉|SayJack|
剷|铲|SayJack|
攙|搀|SayJack|
闡|阐|SayJack|
饞|馋|SayJack|
驏|骣|SayJack|
懺|忏|SayJack|
鑱|镵|SayJack|
囅|冁|SayJack|
諂|谄|SayJack|
蕆|蒇|SayJack|
禪|禅|SayJack|
嬋|婵|SayJack|
讒|谗|SayJack|
滻|浐|SayJack|
腸|肠|SayJack|
長|长|SayJack|
償|偿|SayJack|
場|场|SayJack|
暢|畅|SayJack|
嘗|尝|SayJack|
嚐|尝|SayJack|
廠|厂|SayJack|
閶|阊|SayJack|
萇|苌|SayJack|
倀|伥|SayJack|
鯧|鲳|SayJack|
悵|怅|SayJack|
鈔|钞|SayJack|
徹|彻|SayJack|
車|车|SayJack|
轍|辙|SayJack|
硨|砗|SayJack|
襯|衬|SayJack|
塵|尘|SayJack|
陳|陈|SayJack|
縝|缜|SayJack|
諶|谌|SayJack|
齔|龀|SayJack|
磣|碜|SayJack|
讖|谶|SayJack|
櫬|榇|SayJack|
懲|惩|SayJack|
稱|称|SayJack|
撐|撑|SayJack|
誠|诚|SayJack|
湞|浈|SayJack|
蟶|蛏|SayJack|
赬|赪|SayJack|
棖|枨|SayJack|
檉|柽|SayJack|
騁|骋|SayJack|
呎|尺|SayJack|
遲|迟|SayJack|
熾|炽|SayJack|
馳|驰|SayJack|
恥|耻|SayJack|
齒|齿|SayJack|
喫|吃|SayJack|
癡|痴|SayJack|
鴟|鸱|SayJack|
飭|饬|SayJack|
蟲|虫|SayJack|
衝|冲|SayJack|
沖|冲|SayJack|
寵|宠|SayJack|
銃|铳|SayJack|
籌|筹|SayJack|
醜|丑|SayJack|
綢|绸|SayJack|
疇|畴|SayJack|
幬|帱|SayJack|
讎|雠|SayJack|
儔|俦|SayJack|
躊|踌|SayJack|
儲|储|SayJack|
處|处|SayJack|
礎|础|SayJack|
廚|厨|SayJack|
鋤|锄|SayJack|
櫥|橱|SayJack|
觸|触|SayJack|
雛|雏|SayJack|
齣|出|SayJack|
芻|刍|SayJack|
躕|蹰|SayJack|
絀|绌|SayJack|
傳|传|SayJack|
釧|钏|SayJack|
牀|床|SayJack|
創|创|SayJack|
闖|闯|SayJack|
瘡|疮|SayJack|
戧|戗|SayJack|
愴|怆|SayJack|
錘|锤|SayJack|
搥|捶|SayJack|
鎚|锤|SayJack|
脣|唇|SayJack|
純|纯|SayJack|
蒓|莼|SayJack|
鶉|鹑|SayJack|
輟|辍|SayJack|
綽|绰|SayJack|
齪|龊|SayJack|
詞|词|SayJack|
辭|辞|SayJack|
賜|赐|SayJack|
薺|荠|SayJack|
聰|聪|SayJack|
從|从|SayJack|
叢|丛|SayJack|
蔥|葱|SayJack|
囪|囱|SayJack|
蓯|苁|SayJack|
驄|骢|SayJack|
樅|枞|SayJack|
湊|凑|SayJack|
輳|辏|SayJack|
麤|粗|SayJack|
竄|窜|SayJack|
鑹|镩|SayJack|
躥|蹿|SayJack|
攛|撺|SayJack|
吋|寸|SayJack|
邨|村|SayJack|
錯|错|SayJack|
銼|锉|SayJack|
達|达|SayJack|
韃|鞑|SayJack|
薘|荙|SayJack|
墶|垯|SayJack|
貸|贷|SayJack|
帶|带|SayJack|
膽|胆|SayJack|
誕|诞|SayJack|
擔|担|SayJack|
單|单|SayJack|
彈|弹|SayJack|
躭|耽|SayJack|
憚|惮|SayJack|
撣|掸|SayJack|
癉|瘅|SayJack|
鉭|钽|SayJack|
簞|箪|SayJack|
殫|殚|SayJack|
鄲|郸|SayJack|
盪|荡|SayJack|
當|当|SayJack|
檔|档|SayJack|
黨|党|SayJack|
擋|挡|SayJack|
蕩|荡|SayJack|
鐺|铛|SayJack|
襠|裆|SayJack|
噹|当|SayJack|
壋|垱|SayJack|
讜|谠|SayJack|
簹|筜|SayJack|
氹|凼|SayJack|
璫|珰|SayJack|
碭|砀|SayJack|
攩|挡|SayJack|
搗|捣|SayJack|
島|岛|SayJack|
導|导|SayJack|
禱|祷|SayJack|
盜|盗|SayJack|
燾|焘|SayJack|
魛|鱽|SayJack|
擣|捣|SayJack|
鍀|锝|SayJack|
燈|灯|SayJack|
鄧|邓|SayJack|
鐙|镫|SayJack|
滌|涤|SayJack|
締|缔|SayJack|
遞|递|SayJack|
敵|敌|SayJack|
牴|抵|SayJack|
鏑|镝|SayJack|
糴|籴|SayJack|
覿|觌|SayJack|
軑|轪|SayJack|
諦|谛|SayJack|
詆|诋|SayJack|
澱|淀|SayJack|
點|点|SayJack|
電|电|SayJack|
墊|垫|SayJack|
顛|颠|SayJack|
癲|癫|SayJack|
巔|巅|SayJack|
鈿|钿|SayJack|
調|调|SayJack|
弔|吊|SayJack|
釣|钓|SayJack|
鵰|雕|SayJack|
彫|雕|SayJack|
銱|铞|SayJack|
鯛|鲷|SayJack|
疊|叠|SayJack|
諜|谍|SayJack|
鰈|鲽|SayJack|
釘|钉|SayJack|
頂|顶|SayJack|
訂|订|SayJack|
錠|锭|SayJack|
丟|丢|SayJack|
銩|铥|SayJack|
棟|栋|SayJack|
凍|冻|SayJack|
動|动|SayJack|
東|东|SayJack|
鼕|冬|SayJack|
鶇|鸫|SayJack|
腖|胨|SayJack|
鬥|斗|SayJack|
竇|窦|SayJack|
荳|豆|SayJack|
鈄|钭|SayJack|
讀|读|SayJack|
獨|独|SayJack|
賭|赌|SayJack|
牘|牍|SayJack|
鍍|镀|SayJack|
黷|黩|SayJack|
犢|犊|SayJack|
瀆|渎|SayJack|
篤|笃|SayJack|
闍|阇|SayJack|
櫝|椟|SayJack|
鍛|锻|SayJack|
斷|断|SayJack|
緞|缎|SayJack|
對|对|SayJack|
隊|队|SayJack|
兌|兑|SayJack|
懟|怼|SayJack|
鐓|镦|SayJack|
鈍|钝|SayJack|
噸|吨|SayJack|
頓|顿|SayJack|
躉|趸|SayJack|
燉|炖|SayJack|
墮|堕|SayJack|
奪|夺|SayJack|
飿|饳|SayJack|
綞|缍|SayJack|
嚲|亸|SayJack|
鐸|铎|SayJack|
惡|恶|SayJack|
額|额|SayJack|
鱷|鳄|SayJack|
鵝|鹅|SayJack|
餓|饿|SayJack|
訛|讹|SayJack|
阨|厄|SayJack|
鶚|鹗|SayJack|
噁|恶|SayJack|
堊|垩|SayJack|
軛|轭|SayJack|
顎|颚|SayJack|
鍔|锷|SayJack|
諤|谔|SayJack|
閼|阏|SayJack|
爾|尔|SayJack|
貳|贰|SayJack|
兒|儿|SayJack|
餌|饵|SayJack|
鉺|铒|SayJack|
邇|迩|SayJack|
鴯|鸸|SayJack|
罰|罚|SayJack|
發|发|SayJack|
髮|发|SayJack|
閥|阀|SayJack|
琺|珐|SayJack|
氾|泛|SayJack|
飯|饭|SayJack|
販|贩|SayJack|
煩|烦|SayJack|
範|范|SayJack|
礬|矾|SayJack|
汎|泛|SayJack|
釩|钒|SayJack|
訪|访|SayJack|
紡|纺|SayJack|
倣|仿|SayJack|
魴|鲂|SayJack|
鈁|钫|SayJack|
鰟|鳑|SayJack|
廢|废|SayJack|
飛|飞|SayJack|
費|费|SayJack|
緋|绯|SayJack|
鐨|镄|SayJack|
鯡|鲱|SayJack|
誹|诽|SayJack|
憤|愤|SayJack|
糞|粪|SayJack|
紛|纷|SayJack|
墳|坟|SayJack|
奮|奋|SayJack|
鱝|鲼|SayJack|
僨|偾|SayJack|
風|风|SayJack|
鳳|凤|SayJack|
豐|丰|SayJack|
諷|讽|SayJack|
峯|峰|SayJack|
鋒|锋|SayJack|
楓|枫|SayJack|
縫|缝|SayJack|
瘋|疯|SayJack|
馮|冯|SayJack|
碸|砜|SayJack|
灃|沣|SayJack|
渢|沨|SayJack|
復|复|SayJack|
輻|辐|SayJack|
撫|抚|SayJack|
負|负|SayJack|
彿|佛|SayJack|
膚|肤|SayJack|
縛|缚|SayJack|
婦|妇|SayJack|
輔|辅|SayJack|
賦|赋|SayJack|
複|复|SayJack|
伕|夫|SayJack|
麩|麸|SayJack|
紱|绂|SayJack|
鳧|凫|SayJack|
頫|俯|SayJack|
韍|韨|SayJack|
訃|讣|SayJack|
鮒|鲋|SayJack|
駙|驸|SayJack|
賻|赙|SayJack|
嘸|呒|SayJack|
紼|绋|SayJack|
鰒|鳆|SayJack|
釓|钆|SayJack|
該|该|SayJack|
蓋|盖|SayJack|
鈣|钙|SayJack|
賅|赅|SayJack|
榦|干|SayJack|
桿|杆|SayJack|
幹|干|SayJack|
趕|赶|SayJack|
稈|秆|SayJack|
鱤|鳡|SayJack|
尷|尴|SayJack|
紺|绀|SayJack|
贛|赣|SayJack|
槓|杠|SayJack|
綱|纲|SayJack|
岡|冈|SayJack|
鋼|钢|SayJack|
剛|刚|SayJack|
崗|岗|SayJack|
戇|戆|SayJack|
鋯|锆|SayJack|
誥|诰|SayJack|
縞|缟|SayJack|
擱|搁|SayJack|
閣|阁|SayJack|
個|个|SayJack|
鴿|鸽|SayJack|
閤|合|SayJack|
鉻|铬|SayJack|
鎘|镉|SayJack|
箇|个|SayJack|
給|给|SayJack|
亙|亘|SayJack|
綆|绠|SayJack|
賡|赓|SayJack|
鯁|鲠|SayJack|
鞏|巩|SayJack|
貢|贡|SayJack|
宮|宫|SayJack|
龔|龚|SayJack|
夠|够|SayJack|
鈎|钩|SayJack|
構|构|SayJack|
購|购|SayJack|
溝|沟|SayJack|
鉤|钩|SayJack|
覯|觏|SayJack|
緱|缑|SayJack|
搆|构|SayJack|
詬|诟|SayJack|
穀|谷|SayJack|
顧|顾|SayJack|
僱|雇|SayJack|
轂|毂|SayJack|
鴣|鸪|SayJack|
鯝|鲴|SayJack|
蠱|蛊|SayJack|
鶻|鹘|SayJack|
餶|馉|SayJack|
鈷|钴|SayJack|
詁|诂|SayJack|
錮|锢|SayJack|
掛|挂|SayJack|
蝸|蜗|SayJack|
颳|刮|SayJack|
鴰|鸹|SayJack|
詿|诖|SayJack|
腡|脶|SayJack|
剮|剐|SayJack|
枴|拐|SayJack|
柺|拐|SayJack|
館|馆|SayJack|
貫|贯|SayJack|
觀|观|SayJack|
慣|惯|SayJack|
關|关|SayJack|
䲘|鳤|SayJack|
鸛|鹳|SayJack|
鰥|鳏|SayJack|
摜|掼|SayJack|
廣|广|SayJack|
獷|犷|SayJack|
櫃|柜|SayJack|
軌|轨|SayJack|
規|规|SayJack|
貴|贵|SayJack|
詭|诡|SayJack|
龜|龟|SayJack|
歸|归|SayJack|
閨|闺|SayJack|
溈|沩|SayJack|
鮭|鲑|SayJack|
匱|匮|SayJack|
劌|刿|SayJack|
媯|妫|SayJack|
匭|匦|SayJack|
劊|刽|SayJack|
鱖|鳜|SayJack|
檜|桧|SayJack|
滾|滚|SayJack|
輥|辊|SayJack|
袞|衮|SayJack|
鯀|鲧|SayJack|
緄|绲|SayJack|
鍋|锅|SayJack|
過|过|SayJack|
國|国|SayJack|
蟈|蝈|SayJack|
餜|馃|SayJack|
幗|帼|SayJack|
堝|埚|SayJack|
槨|椁|SayJack|
摑|掴|SayJack|
錁|锞|SayJack|
鉿|铪|SayJack|
駭|骇|SayJack|
頦|颏|SayJack|
漢|汉|SayJack|
韓|韩|SayJack|
扞|捍|SayJack|
銲|焊|SayJack|
頇|顸|SayJack|
頷|颔|SayJack|
歛|敛|SayJack|
頏|颃|SayJack|
蠔|蚝|SayJack|
號|号|SayJack|
顥|颢|SayJack|
鎬|镐|SayJack|
灝|灏|SayJack|
鶴|鹤|SayJack|
賀|贺|SayJack|
闔|阖|SayJack|
齕|龁|SayJack|
閡|阂|SayJack|
訶|诃|SayJack|
頜|颌|SayJack|
紇|纥|SayJack|
龢|和|SayJack|
恆|恒|SayJack|
橫|横|SayJack|
黌|黉|SayJack|
絎|绗|SayJack|
鴴|鸻|SayJack|
紅|红|SayJack|
轟|轰|SayJack|
鬨|哄|SayJack|
鴻|鸿|SayJack|
嗊|唝|SayJack|
葒|荭|SayJack|
閎|闳|SayJack|
訌|讧|SayJack|
後|后|SayJack|
餱|糇|SayJack|
鱟|鲎|SayJack|
壺|壶|SayJack|
鬍|胡|SayJack|
護|护|SayJack|
滬|沪|SayJack|
戶|户|SayJack|
滸|浒|SayJack|
沍|冱|SayJack|
餬|糊|SayJack|
鵠|鹄|SayJack|
軤|轷|SayJack|
鶘|鹕|SayJack|
話|话|SayJack|
華|华|SayJack|
嘩|哗|SayJack|
劃|划|SayJack|
譁|哗|SayJack|
樺|桦|SayJack|
嫿|婳|SayJack|
鏵|铧|SayJack|
驊|骅|SayJack|
懷|怀|SayJack|
壞|坏|SayJack|
煥|焕|SayJack|
歡|欢|SayJack|
換|换|SayJack|
還|还|SayJack|
緩|缓|SayJack|
瘓|痪|SayJack|
環|环|SayJack|
喚|唤|SayJack|
渙|涣|SayJack|
奐|奂|SayJack|
繯|缳|SayJack|
鍰|锾|SayJack|
黃|黄|SayJack|
謊|谎|SayJack|
鍠|锽|SayJack|
鰉|鳇|SayJack|
毀|毁|SayJack|
繪|绘|SayJack|
輝|辉|SayJack|
誨|诲|SayJack|
匯|汇|SayJack|
會|会|SayJack|
賄|贿|SayJack|
迴|回|SayJack|
穢|秽|SayJack|
揮|挥|SayJack|
燬|毁|SayJack|
彙|汇|SayJack|
諱|讳|SayJack|
翬|翚|SayJack|
燴|烩|SayJack|
褘|袆|SayJack|
薈|荟|SayJack|
翽|翙|SayJack|
詼|诙|SayJack|
譭|毁|SayJack|
暉|晖|SayJack|
煇|辉|SayJack|
渾|浑|SayJack|
葷|荤|SayJack|
餛|馄|SayJack|
閽|阍|SayJack|
諢|诨|SayJack|
琿|珲|SayJack|
穫|获|SayJack|
貨|货|SayJack|
獲|获|SayJack|
禍|祸|SayJack|
鑊|镬|SayJack|
鸌|鹱|SayJack|
鍃|锪|SayJack|
鈥|钬|SayJack|
擊|击|SayJack|
劑|剂|SayJack|
計|计|SayJack|
緝|缉|SayJack|
雞|鸡|SayJack|
繼|继|SayJack|
跡|迹|SayJack|
擠|挤|SayJack|
極|极|SayJack|
績|绩|SayJack|
記|记|SayJack|
羈|羁|SayJack|
積|积|SayJack|
濟|济|SayJack|
輯|辑|SayJack|
際|际|SayJack|
機|机|SayJack|
級|级|SayJack|
紀|纪|SayJack|
幾|几|SayJack|
饑|饥|SayJack|
嘰|叽|SayJack|
飢|饥|SayJack|
鯽|鲫|SayJack|
譏|讥|SayJack|
蟣|虮|SayJack|
蹟|迹|SayJack|
霽|霁|SayJack|
薊|蓟|SayJack|
覬|觊|SayJack|
璣|玑|SayJack|
魢|鱾|SayJack|
鶺|鹡|SayJack|
驥|骥|SayJack|
鱭|鲚|SayJack|
齏|齑|SayJack|
躋|跻|SayJack|
賫|赍|SayJack|
磯|矶|SayJack|
茍|苟|SayJack|
傢|家|SayJack|
夾|夹|SayJack|
頰|颊|SayJack|
駕|驾|SayJack|
價|价|SayJack|
賈|贾|SayJack|
莢|荚|SayJack|
鉀|钾|SayJack|
郟|郏|SayJack|
蛺|蛱|SayJack|
鋏|铗|SayJack|
鎵|镓|SayJack|
餄|饸|SayJack|
檟|槚|SayJack|
浹|浃|SayJack|
鑑|鉴|SayJack|
艦|舰|SayJack|
殲|歼|SayJack|
監|监|SayJack|
簡|简|SayJack|
揀|拣|SayJack|
濺|溅|SayJack|
檢|检|SayJack|
儉|俭|SayJack|
漸|渐|SayJack|
減|减|SayJack|
賤|贱|SayJack|
堅|坚|SayJack|
薦|荐|SayJack|
踐|践|SayJack|
鑒|鉴|SayJack|
鍵|键|SayJack|
艱|艰|SayJack|
劍|剑|SayJack|
見|见|SayJack|
間|间|SayJack|
撿|捡|SayJack|
繭|茧|SayJack|
澗|涧|SayJack|
姦|奸|SayJack|
縑|缣|SayJack|
檻|槛|SayJack|
緘|缄|SayJack|
箋|笺|SayJack|
諫|谏|SayJack|
韉|鞯|SayJack|
鐧|锏|SayJack|
譾|谫|SayJack|
餞|饯|SayJack|
梘|枧|SayJack|
鶼|鹣|SayJack|
戔|戋|SayJack|
戩|戬|SayJack|
鰹|鲣|SayJack|
襇|裥|SayJack|
筧|笕|SayJack|
瞼|睑|SayJack|
講|讲|SayJack|
將|将|SayJack|
醬|酱|SayJack|
漿|浆|SayJack|
薑|姜|SayJack|
獎|奖|SayJack|
韁|缰|SayJack|
槳|桨|SayJack|
蔣|蒋|SayJack|
鱂|鳉|SayJack|
殭|僵|SayJack|
絳|绛|SayJack|
驕|骄|SayJack|
攪|搅|SayJack|
僥|侥|SayJack|
轎|轿|SayJack|
繳|缴|SayJack|
澆|浇|SayJack|
膠|胶|SayJack|
矯|矫|SayJack|
餃|饺|SayJack|
腳|脚|SayJack|
嬌|娇|SayJack|
較|较|SayJack|
絞|绞|SayJack|
勦|剿|SayJack|
嶠|峤|SayJack|
鮫|鲛|SayJack|
撟|挢|SayJack|
鉸|铰|SayJack|
鷦|鹪|SayJack|
誡|诫|SayJack|
節|节|SayJack|
階|阶|SayJack|
潔|洁|SayJack|
屆|届|SayJack|
結|结|SayJack|
傑|杰|SayJack|
詰|诘|SayJack|
櫛|栉|SayJack|
頡|颉|SayJack|
癤|疖|SayJack|
訐|讦|SayJack|
勁|劲|SayJack|
緊|紧|SayJack|
進|进|SayJack|
儘|尽|SayJack|
謹|谨|SayJack|
盡|尽|SayJack|
僅|仅|SayJack|
晉|晋|SayJack|
錦|锦|SayJack|
燼|烬|SayJack|
藎|荩|SayJack|
饉|馑|SayJack|
觔|筋|SayJack|
贐|赆|SayJack|
縉|缙|SayJack|
璡|琎|SayJack|
覲|觐|SayJack|
驚|惊|SayJack|
荊|荆|SayJack|
頸|颈|SayJack|
鏡|镜|SayJack|
競|竞|SayJack|
淨|净|SayJack|
徑|径|SayJack|
鯨|鲸|SayJack|
莖|茎|SayJack|
靜|静|SayJack|
經|经|SayJack|
痙|痉|SayJack|
逕|径|SayJack|
脛|胫|SayJack|
涇|泾|SayJack|
靚|靓|SayJack|
剄|刭|SayJack|
烴|烃|SayJack|
舊|旧|SayJack|
糾|纠|SayJack|
鳩|鸠|SayJack|
廄|厩|SayJack|
鷲|鹫|SayJack|
鬮|阄|SayJack|
颶|飓|SayJack|
據|据|SayJack|
懼|惧|SayJack|
劇|剧|SayJack|
舉|举|SayJack|
鋸|锯|SayJack|
跼|局|SayJack|
駒|驹|SayJack|
侷|局|SayJack|
齟|龃|SayJack|
屨|屦|SayJack|
櫸|榉|SayJack|
詎|讵|SayJack|
鋦|锔|SayJack|
窶|窭|SayJack|
鉅|巨|SayJack|
絹|绢|SayJack|
鵑|鹃|SayJack|
捲|卷|SayJack|
錈|锩|SayJack|
鐫|镌|SayJack|
訣|诀|SayJack|
決|决|SayJack|
絕|绝|SayJack|
覺|觉|SayJack|
玨|珏|SayJack|
譎|谲|SayJack|
鐝|镢|SayJack|
軍|军|SayJack|
駿|骏|SayJack|
鈞|钧|SayJack|
鮶|鲪|SayJack|
濬|浚|SayJack|
皸|皲|SayJack|
雋|隽|SayJack|
開|开|SayJack|
凱|凯|SayJack|
塏|垲|SayJack|
愾|忾|SayJack|
鎧|铠|SayJack|
鐦|锎|SayJack|
剴|剀|SayJack|
闓|闿|SayJack|
鍇|锴|SayJack|
愷|恺|SayJack|
龕|龛|SayJack|
闞|阚|SayJack|
摃|扛|SayJack|
鈧|钪|SayJack|
閌|闶|SayJack|
銬|铐|SayJack|
顆|颗|SayJack|
課|课|SayJack|
殼|壳|SayJack|
剋|克|SayJack|
騍|骒|SayJack|
緙|缂|SayJack|
軻|轲|SayJack|
懇|恳|SayJack|
墾|垦|SayJack|
齦|龈|SayJack|
硜|硁|SayJack|
鏗|铿|SayJack|
釦|扣|SayJack|
摳|抠|SayJack|
庫|库|SayJack|
褲|裤|SayJack|
軲|轱|SayJack|
絝|绔|SayJack|
嚳|喾|SayJack|
誇|夸|SayJack|
塊|块|SayJack|
澮|浍|SayJack|
鄶|郐|SayJack|
獪|狯|SayJack|
鱠|鲙|SayJack|
膾|脍|SayJack|
噲|哙|SayJack|
儈|侩|SayJack|
寬|宽|SayJack|
髖|髋|SayJack|
況|况|SayJack|
曠|旷|SayJack|
礦|矿|SayJack|
纊|纩|SayJack|
誑|诳|SayJack|
鄺|邝|SayJack|
壙|圹|SayJack|
誆|诓|SayJack|
貺|贶|SayJack|
潰|溃|SayJack|
虧|亏|SayJack|
窺|窥|SayJack|
簣|篑|SayJack|
聵|聩|SayJack|
巋|岿|SayJack|
餽|馈|SayJack|
憒|愦|SayJack|
蕢|蒉|SayJack|
饋|馈|SayJack|
騤|骙|SayJack|
崑|昆|SayJack|
綑|捆|SayJack|
睏|困|SayJack|
褌|裈|SayJack|
錕|锟|SayJack|
鯤|鲲|SayJack|
梱|阃|SayJack|
擴|扩|SayJack|
闊|阔|SayJack|
臘|腊|SayJack|
蠟|蜡|SayJack|
鑞|镴|SayJack|
賴|赖|SayJack|
來|来|SayJack|
癩|癞|SayJack|
萊|莱|SayJack|
棶|梾|SayJack|
賚|赉|SayJack|
徠|徕|SayJack|
睞|睐|SayJack|
崍|崃|SayJack|
瀨|濑|SayJack|
淶|涞|SayJack|
錸|铼|SayJack|
籟|籁|SayJack|
爛|烂|SayJack|
攬|揽|SayJack|
纜|缆|SayJack|
濫|滥|SayJack|
攔|拦|SayJack|
懶|懒|SayJack|
欄|栏|SayJack|
欖|榄|SayJack|
蘭|兰|SayJack|
籃|篮|SayJack|
藍|蓝|SayJack|
覽|览|SayJack|
瀾|澜|SayJack|
讕|谰|SayJack|
嵐|岚|SayJack|
襴|襕|SayJack|
斕|斓|SayJack|
闌|阑|SayJack|
鑭|镧|SayJack|
襤|褴|SayJack|
瑯|琅|SayJack|
閬|阆|SayJack|
鋃|锒|SayJack|
勞|劳|SayJack|
撈|捞|SayJack|
嘮|唠|SayJack|
嶗|崂|SayJack|
鐒|铹|SayJack|
銠|铑|SayJack|
澇|涝|SayJack|
癆|痨|SayJack|
樂|乐|SayJack|
餎|饹|SayJack|
鰳|鳓|SayJack|
類|类|SayJack|
淚|泪|SayJack|
壘|垒|SayJack|
鐳|镭|SayJack|
縲|缧|SayJack|
誄|诔|SayJack|
稜|棱|SayJack|
厲|厉|SayJack|
禮|礼|SayJack|
隸|隶|SayJack|
勵|励|SayJack|
曆|历|SayJack|
鯉|鲤|SayJack|
歷|历|SayJack|
裏|里|SayJack|
籬|篱|SayJack|
離|离|SayJack|
瀝|沥|SayJack|
麗|丽|SayJack|
釐|厘|SayJack|
琍|璃|SayJack|
貍|狸|SayJack|
裡|里|SayJack|
靂|雳|SayJack|
浬|里|SayJack|
慄|栗|SayJack|
礫|砾|SayJack|
壢|坜|SayJack|
癧|疬|SayJack|
櫟|栎|SayJack|
蘺|蓠|SayJack|
嚦|呖|SayJack|
犛|牦|SayJack|
鋰|锂|SayJack|
蠣|蛎|SayJack|
躒|跞|SayJack|
糲|粝|SayJack|
礪|砺|SayJack|
蒞|莅|SayJack|
鱧|鳢|SayJack|
驪|骊|SayJack|
鸝|鹂|SayJack|
縭|缡|SayJack|
櫪|枥|SayJack|
邐|逦|SayJack|
儷|俪|SayJack|
鱺|鲡|SayJack|
癘|疠|SayJack|
酈|郦|SayJack|
轢|轹|SayJack|
藶|苈|SayJack|
倆|俩|SayJack|
憐|怜|SayJack|
簾|帘|SayJack|
連|连|SayJack|
煉|炼|SayJack|
練|练|SayJack|
戀|恋|SayJack|
蓮|莲|SayJack|
鏈|链|SayJack|
臉|脸|SayJack|
聯|联|SayJack|
鐮|镰|SayJack|
斂|敛|SayJack|
鍊|炼|SayJack|
襝|裣|SayJack|
瀲|潋|SayJack|
鎌|镰|SayJack|
槤|梿|SayJack|
薟|莶|SayJack|
漣|涟|SayJack|
蘞|蔹|SayJack|
璉|琏|SayJack|
殮|殓|SayJack|
鰱|鲢|SayJack|
褳|裢|SayJack|
奩|奁|SayJack|
諒|谅|SayJack|
涼|凉|SayJack|
糧|粮|SayJack|
樑|梁|SayJack|
輛|辆|SayJack|
兩|两|SayJack|
両|两|SayJack|
魎|魉|SayJack|
輬|辌|SayJack|
療|疗|SayJack|
遼|辽|SayJack|
繚|缭|SayJack|
鷯|鹩|SayJack|
鷚|鹨|SayJack|
釕|钌|SayJack|
鐐|镣|SayJack|
獵|猎|SayJack|
賃|赁|SayJack|
臨|临|SayJack|
鄰|邻|SayJack|
躪|躏|SayJack|
痳|麻|SayJack|
鱗|鳞|SayJack|
凜|凛|SayJack|
燐|磷|SayJack|
轔|辚|SayJack|
廩|廪|SayJack|
懍|懔|SayJack|
藺|蔺|SayJack|
檁|檩|SayJack|
領|领|SayJack|
鈴|铃|SayJack|
靈|灵|SayJack|
嶺|岭|SayJack|
齡|龄|SayJack|
鯪|鲮|SayJack|
鴒|鸰|SayJack|
綾|绫|SayJack|
櫺|棂|SayJack|
瀏|浏|SayJack|
餾|馏|SayJack|
劉|刘|SayJack|
鏐|镠|SayJack|
鉚|铆|SayJack|
飀|飗|SayJack|
鶹|鹠|SayJack|
騮|骝|SayJack|
綹|绺|SayJack|
鎦|镏|SayJack|
嚨|咙|SayJack|
朧|胧|SayJack|
籠|笼|SayJack|
龍|龙|SayJack|
聾|聋|SayJack|
攏|拢|SayJack|
矓|胧|SayJack|
壟|垄|SayJack|
隴|陇|SayJack|
壠|垅|SayJack|
曨|昽|SayJack|
礱|砻|SayJack|
瀧|泷|SayJack|
蘢|茏|SayJack|
櫳|栊|SayJack|
瓏|珑|SayJack|
摟|搂|SayJack|
樓|楼|SayJack|
婁|娄|SayJack|
簍|篓|SayJack|
耬|耧|SayJack|
蔞|蒌|SayJack|
嶁|嵝|SayJack|
螻|蝼|SayJack|
髏|髅|SayJack|
瘺|瘘|SayJack|
嘍|喽|SayJack|
鏤|镂|SayJack|
賂|赂|SayJack|
陸|陆|SayJack|
虜|虏|SayJack|
顱|颅|SayJack|
擄|掳|SayJack|
蘆|芦|SayJack|
錄|录|SayJack|
魯|鲁|SayJack|
爐|炉|SayJack|
廬|庐|SayJack|
盧|卢|SayJack|
鹵|卤|SayJack|
輅|辂|SayJack|
壚|垆|SayJack|
祿|禄|SayJack|
瀘|泸|SayJack|
鱸|鲈|SayJack|
轤|轳|SayJack|
臚|胪|SayJack|
轆|辘|SayJack|
籙|箓|SayJack|
擼|撸|SayJack|
鑥|镥|SayJack|
櫨|栌|SayJack|
淥|渌|SayJack|
艫|舻|SayJack|
鷺|鹭|SayJack|
鸕|鸬|SayJack|
櫓|橹|SayJack|
嚕|噜|SayJack|
巒|峦|SayJack|
攣|挛|SayJack|
亂|乱|SayJack|
灤|滦|SayJack|
孌|娈|SayJack|
欒|栾|SayJack|
鑾|銮|SayJack|
臠|脔|SayJack|
鸞|鸾|SayJack|
孿|孪|SayJack|
淪|沦|SayJack|
輪|轮|SayJack|
倫|伦|SayJack|
論|论|SayJack|
侖|仑|SayJack|
掄|抡|SayJack|
崙|仑|SayJack|
圇|囵|SayJack|
綸|纶|SayJack|
羅|罗|SayJack|
蘿|萝|SayJack|
邏|逻|SayJack|
鑼|锣|SayJack|
騾|骡|SayJack|
駱|骆|SayJack|
籮|箩|SayJack|
絡|络|SayJack|
囉|啰|SayJack|
濼|泺|SayJack|
氌|氇|SayJack|
犖|荦|SayJack|
欏|椤|SayJack|
玀|猡|SayJack|
鏍|镙|SayJack|
臝|裸|SayJack|
綠|绿|SayJack|
鋁|铝|SayJack|
驢|驴|SayJack|
慮|虑|SayJack|
侶|侣|SayJack|
濾|滤|SayJack|
褸|褛|SayJack|
屢|屡|SayJack|
呂|吕|SayJack|
縷|缕|SayJack|
漊|溇|SayJack|
僂|偻|SayJack|
閭|闾|SayJack|
櫚|榈|SayJack|
鋝|锊|SayJack|
螞|蚂|SayJack|
罵|骂|SayJack|
馬|马|SayJack|
嗎|吗|SayJack|
碼|码|SayJack|
媽|妈|SayJack|
瑪|玛|SayJack|
痲|麻|SayJack|
獁|犸|SayJack|
禡|祃|SayJack|
嘜|唛|SayJack|
嬤|嬷|SayJack|
邁|迈|SayJack|
賣|卖|SayJack|
買|买|SayJack|
麥|麦|SayJack|
脈|脉|SayJack|
勱|劢|SayJack|
蕒|荬|SayJack|
瞞|瞒|SayJack|
滿|满|SayJack|
蠻|蛮|SayJack|
饅|馒|SayJack|
蟎|螨|SayJack|
顢|颟|SayJack|
鰻|鳗|SayJack|
縵|缦|SayJack|
鏝|镘|SayJack|
謾|谩|SayJack|
貿|贸|SayJack|
貓|猫|SayJack|
錨|锚|SayJack|
氂|牦|SayJack|
沒|没|SayJack|
黴|霉|SayJack|
鎇|镅|SayJack|
鎂|镁|SayJack|
鶥|鹛|SayJack|
悶|闷|SayJack|
門|门|SayJack|
們|们|SayJack|
捫|扪|SayJack|
燜|焖|SayJack|
鍆|钔|SayJack|
懣|懑|SayJack|
夢|梦|SayJack|
矇|蒙|SayJack|
濛|蒙|SayJack|
錳|锰|SayJack|
鸏|鹲|SayJack|
謎|谜|SayJack|
瀰|弥|SayJack|
祕|秘|SayJack|
覓|觅|SayJack|
彌|弥|SayJack|
糸|丝|SayJack|
瞇|眯|SayJack|
獼|猕|SayJack|
冪|幂|SayJack|
羋|芈|SayJack|
謐|谧|SayJack|
綿|绵|SayJack|
麪|面|SayJack|
緬|缅|SayJack|
麵|面|SayJack|
澠|渑|SayJack|
廟|庙|SayJack|
緲|缈|SayJack|
鶓|鹋|SayJack|
滅|灭|SayJack|
衊|蔑|SayJack|
憫|悯|SayJack|
閩|闽|SayJack|
閔|闵|SayJack|
黽|黾|SayJack|
鰵|鳘|SayJack|
緡|缗|SayJack|
鳴|鸣|SayJack|
銘|铭|SayJack|
謬|谬|SayJack|
糢|模|SayJack|
麽|么|SayJack|
鏌|镆|SayJack|
驀|蓦|SayJack|
謨|谟|SayJack|
饃|馍|SayJack|
歿|殁|SayJack|
謀|谋|SayJack|
繆|缪|SayJack|
畝|亩|SayJack|
鉬|钼|SayJack|
納|纳|SayJack|
鈉|钠|SayJack|
鎿|镎|SayJack|
妳|你|SayJack|
迺|乃|SayJack|
難|难|SayJack|
饢|馕|SayJack|
腦|脑|SayJack|
鬧|闹|SayJack|
惱|恼|SayJack|
撓|挠|SayJack|
橈|桡|SayJack|
鐃|铙|SayJack|
吶|呐|SayJack|
訥|讷|SayJack|
餒|馁|SayJack|
內|内|SayJack|
膩|腻|SayJack|
擬|拟|SayJack|
暱|昵|SayJack|
鷊|鹝|SayJack|
鈮|铌|SayJack|
鯢|鲵|SayJack|
唸|念|SayJack|
撚|捻|SayJack|
攆|撵|SayJack|
輦|辇|SayJack|
鮎|鲇|SayJack|
釀|酿|SayJack|
孃|娘|SayJack|
鳥|鸟|SayJack|
嬝|袅|SayJack|
蔦|茑|SayJack|
裊|袅|SayJack|
聶|聂|SayJack|
櫱|蘖|SayJack|
鎳|镍|SayJack|
囁|嗫|SayJack|
鑷|镊|SayJack|
隉|陧|SayJack|
嚙|啮|SayJack|
糱|糵|SayJack|
顳|颞|SayJack|
躡|蹑|SayJack|
濘|泞|SayJack|
寧|宁|SayJack|
擰|拧|SayJack|
檸|柠|SayJack|
獰|狞|SayJack|
嚀|咛|SayJack|
甯|宁|SayJack|
聹|聍|SayJack|
鈕|钮|SayJack|
紐|纽|SayJack|
農|农|SayJack|
濃|浓|SayJack|
膿|脓|SayJack|
噥|哝|SayJack|
穠|秾|SayJack|
儂|侬|SayJack|
駑|驽|SayJack|
煖|暖|SayJack|
諾|诺|SayJack|
儺|傩|SayJack|
釹|钕|SayJack|
瘧|疟|SayJack|
謔|谑|SayJack|
嘔|呕|SayJack|
鷗|鸥|SayJack|
毆|殴|SayJack|
歐|欧|SayJack|
慪|怄|SayJack|
甌|瓯|SayJack|
謳|讴|SayJack|
漚|沤|SayJack|
盤|盘|SayJack|
蹣|蹒|SayJack|
槃|盘|SayJack|
龐|庞|SayJack|
徬|彷|SayJack|
拋|抛|SayJack|
砲|炮|SayJack|
皰|疱|SayJack|
齙|龅|SayJack|
賠|赔|SayJack|
珮|佩|SayJack|
轡|辔|SayJack|
噴|喷|SayJack|
踫|碰|SayJack|
鵬|鹏|SayJack|
疋|匹|SayJack|
闢|辟|SayJack|
鈹|铍|SayJack|
鮍|鲏|SayJack|
鈈|钚|SayJack|
紕|纰|SayJack|
毘|毗|SayJack|
羆|罴|SayJack|
騙|骗|SayJack|
駢|骈|SayJack|
諞|谝|SayJack|
飄|飘|SayJack|
縹|缥|SayJack|
驃|骠|SayJack|
頻|频|SayJack|
貧|贫|SayJack|
蘋|苹|SayJack|
顰|颦|SayJack|
嬪|嫔|SayJack|
憑|凭|SayJack|
評|评|SayJack|
鮃|鲆|SayJack|
潑|泼|SayJack|
頗|颇|SayJack|
釙|钋|SayJack|
鉕|钷|SayJack|
醱|酦|SayJack|
錇|锫|SayJack|
僕|仆|SayJack|
撲|扑|SayJack|
鋪|铺|SayJack|
譜|谱|SayJack|
樸|朴|SayJack|
舖|铺|SayJack|
鐠|镨|SayJack|
鏷|镤|SayJack|
臍|脐|SayJack|
啟|启|SayJack|
齊|齐|SayJack|
豈|岂|SayJack|
悽|凄|SayJack|
氣|气|SayJack|
棄|弃|SayJack|
棲|栖|SayJack|
騎|骑|SayJack|
鰭|鳍|SayJack|
慼|戚|SayJack|
淒|凄|SayJack|
蠐|蛴|SayJack|
頎|颀|SayJack|
磧|碛|SayJack|
錡|锜|SayJack|
騏|骐|SayJack|
蘄|蕲|SayJack|
榿|桤|SayJack|
鯕|鲯|SayJack|
綺|绮|SayJack|
旂|旗|SayJack|
訖|讫|SayJack|
遷|迁|SayJack|
簽|签|SayJack|
錢|钱|SayJack|
牽|牵|SayJack|
淺|浅|SayJack|
鉛|铅|SayJack|
慳|悭|SayJack|
潛|潜|SayJack|
謙|谦|SayJack|
鉗|钳|SayJack|
籤|签|SayJack|
箝|钳|SayJack|
譴|谴|SayJack|
韆|千|SayJack|
鈐|钤|SayJack|
僉|佥|SayJack|
鋟|锓|SayJack|
槧|椠|SayJack|
騫|骞|SayJack|
鵮|鹐|SayJack|
塹|堑|SayJack|
釺|钎|SayJack|
繾|缱|SayJack|
牆|墙|SayJack|
搶|抢|SayJack|
槍|枪|SayJack|
強|强|SayJack|
嗆|呛|SayJack|
蹌|跄|SayJack|
檣|樯|SayJack|
嬙|嫱|SayJack|
鎗|枪|SayJack|
薔|蔷|SayJack|
熗|炝|SayJack|
錆|锖|SayJack|
鏹|镪|SayJack|
羥|羟|SayJack|
鏘|锵|SayJack|
橋|桥|SayJack|
僑|侨|SayJack|
翹|翘|SayJack|
鍬|锹|SayJack|
喬|乔|SayJack|
竅|窍|SayJack|
蹺|跷|SayJack|
譙|谯|SayJack|
磽|硗|SayJack|
蕎|荞|SayJack|
誚|诮|SayJack|
礄|硚|SayJack|
竊|窃|SayJack|
鍥|锲|SayJack|
愜|惬|SayJack|
篋|箧|SayJack|
欽|钦|SayJack|
親|亲|SayJack|
寢|寝|SayJack|
駸|骎|SayJack|
懃|勤|SayJack|
撳|揿|SayJack|
嶔|嵚|SayJack|
傾|倾|SayJack|
輕|轻|SayJack|
頃|顷|SayJack|
請|请|SayJack|
慶|庆|SayJack|
氫|氢|SayJack|
檾|苘|SayJack|
鯖|鲭|SayJack|
窮|穷|SayJack|
瓊|琼|SayJack|
煢|茕|SayJack|
鞦|秋|SayJack|
巰|巯|SayJack|
坵|丘|SayJack|
鰍|鳅|SayJack|
虯|虬|SayJack|
賕|赇|SayJack|
嶇|岖|SayJack|
軀|躯|SayJack|
驅|驱|SayJack|
趨|趋|SayJack|
區|区|SayJack|
麴|曲|SayJack|
齲|龋|SayJack|
覷|觑|SayJack|
鴝|鸲|SayJack|
闃|阒|SayJack|
詘|诎|SayJack|
勸|劝|SayJack|
權|权|SayJack|
綣|绻|SayJack|
銓|铨|SayJack|
鰁|鳈|SayJack|
輇|辁|SayJack|
甽|圳|SayJack|
顴|颧|SayJack|
詮|诠|SayJack|
確|确|SayJack|
鵲|鹊|SayJack|
愨|悫|SayJack|
闕|阙|SayJack|
闋|阕|SayJack|
羣|群|SayJack|
讓|让|SayJack|
擾|扰|SayJack|
繞|绕|SayJack|
饒|饶|SayJack|
蟯|蛲|SayJack|
遶|绕|SayJack|
蕘|荛|SayJack|
嬈|娆|SayJack|
熱|热|SayJack|
認|认|SayJack|
飪|饪|SayJack|
韌|韧|SayJack|
紉|纫|SayJack|
紝|纴|SayJack|
軔|轫|SayJack|
絨|绒|SayJack|
榮|荣|SayJack|
宂|冗|SayJack|
嶸|嵘|SayJack|
蠑|蝾|SayJack|
鎔|镕|SayJack|
銣|铷|SayJack|
顬|颥|SayJack|
縟|缛|SayJack|
軟|软|SayJack|
鋭|锐|SayJack|
銳|锐|SayJack|
叡|睿|SayJack|
潤|润|SayJack|
閏|闰|SayJack|
篛|箬|SayJack|
薩|萨|SayJack|
灑|洒|SayJack|
颯|飒|SayJack|
賽|赛|SayJack|
鰓|鳃|SayJack|
傘|伞|SayJack|
糝|糁|SayJack|
毿|毵|SayJack|
饊|馓|SayJack|
繖|伞|SayJack|
喪|丧|SayJack|
顙|颡|SayJack|
騷|骚|SayJack|
掃|扫|SayJack|
繅|缫|SayJack|
鰺|鲹|SayJack|
澀|涩|SayJack|
嗇|啬|SayJack|
穡|穑|SayJack|
銫|铯|SayJack|
紗|纱|SayJack|
殺|杀|SayJack|
鯊|鲨|SayJack|
廈|厦|SayJack|
鎩|铩|SayJack|
篩|筛|SayJack|
曬|晒|SayJack|
刪|删|SayJack|
閃|闪|SayJack|
陝|陕|SayJack|
贍|赡|SayJack|
騸|骟|SayJack|
繕|缮|SayJack|
鱔|鳝|SayJack|
訕|讪|SayJack|
摻|掺|SayJack|
釤|钐|SayJack|
羶|膻|SayJack|
姍|姗|SayJack|
搧|扇|SayJack|
傷|伤|SayJack|
賞|赏|SayJack|
觴|觞|SayJack|
殤|殇|SayJack|
紹|绍|SayJack|
燒|烧|SayJack|
攝|摄|SayJack|
設|设|SayJack|
捨|舍|SayJack|
賒|赊|SayJack|
懾|慑|SayJack|
厙|厍|SayJack|
灄|滠|SayJack|
紳|绅|SayJack|
審|审|SayJack|
滲|渗|SayJack|
嬸|婶|SayJack|
腎|肾|SayJack|
瀋|沈|SayJack|
瘮|瘆|SayJack|
諗|谂|SayJack|
詵|诜|SayJack|
聲|声|SayJack|
聖|圣|SayJack|
勝|胜|SayJack|
繩|绳|SayJack|
昇|升|SayJack|
賸|剩|SayJack|
陞|升|SayJack|
適|适|SayJack|
識|识|SayJack|
詩|诗|SayJack|
實|实|SayJack|
視|视|SayJack|
釋|释|SayJack|
師|师|SayJack|
飾|饰|SayJack|
蝕|蚀|SayJack|
獅|狮|SayJack|
勢|势|SayJack|
濕|湿|SayJack|
屍|尸|SayJack|
駛|驶|SayJack|
時|时|SayJack|
試|试|SayJack|
溼|湿|SayJack|
蝨|虱|SayJack|
諡|谥|SayJack|
塒|埘|SayJack|
鯷|鳀|SayJack|
貰|贳|SayJack|
鯴|鲺|SayJack|
軾|轼|SayJack|
蒔|莳|SayJack|
鉈|铊|SayJack|
弒|弑|SayJack|
鰣|鲥|SayJack|
鳲|鸤|SayJack|
鈰|铈|SayJack|
壽|寿|SayJack|
獸|兽|SayJack|
綬|绶|SayJack|
書|书|SayJack|
樞|枢|SayJack|
輸|输|SayJack|
屬|属|SayJack|
數|数|SayJack|
樹|树|SayJack|
術|术|SayJack|
贖|赎|SayJack|
豎|竖|SayJack|
朮|术|SayJack|
攄|摅|SayJack|
紓|纾|SayJack|
帥|帅|SayJack|
閂|闩|SayJack|
雙|双|SayJack|
誰|谁|SayJack|
稅|税|SayJack|
順|顺|SayJack|
説|说|SayJack|
爍|烁|SayJack|
碩|硕|SayJack|
說|说|SayJack|
鑠|铄|SayJack|
飼|饲|SayJack|
絲|丝|SayJack|
鍶|锶|SayJack|
鷥|鸶|SayJack|
颸|飔|SayJack|
螄|蛳|SayJack|
噝|咝|SayJack|
駟|驷|SayJack|
緦|缌|SayJack|
廝|厮|SayJack|
聳|耸|SayJack|
頌|颂|SayJack|
鬆|松|SayJack|
訟|讼|SayJack|
誦|诵|SayJack|
慫|怂|SayJack|
崧|嵩|SayJack|
蒐|搜|SayJack|
餿|馊|SayJack|
擻|擞|SayJack|
藪|薮|SayJack|
颼|飕|SayJack|
甦|苏|SayJack|
訴|诉|SayJack|
蘇|苏|SayJack|
肅|肃|SayJack|
囌|苏|SayJack|
謖|谡|SayJack|
穌|稣|SayJack|
痠|酸|SayJack|
雖|虽|SayJack|
隨|随|SayJack|
歲|岁|SayJack|
綏|绥|SayJack|
誶|谇|SayJack|
損|损|SayJack|
孫|孙|SayJack|
筍|笋|SayJack|
猻|狲|SayJack|
蓀|荪|SayJack|
鎖|锁|SayJack|
瑣|琐|SayJack|
縮|缩|SayJack|
嗩|唢|SayJack|
簑|蓑|SayJack|
撻|挞|SayJack|
闥|闼|SayJack|
闒|阘|SayJack|
獺|獭|SayJack|
躂|跶|SayJack|
鰨|鳎|SayJack|
態|态|SayJack|
颱|台|SayJack|
臺|台|SayJack|
駘|骀|SayJack|
鮐|鲐|SayJack|
鈦|钛|SayJack|
檯|台|SayJack|
貪|贪|SayJack|
歎|叹|SayJack|
攤|摊|SayJack|
灘|滩|SayJack|
癱|瘫|SayJack|
談|谈|SayJack|
壇|坛|SayJack|
譚|谭|SayJack|
罈|坛|SayJack|
嘆|叹|SayJack|
曇|昙|SayJack|
鐔|镡|SayJack|
錟|锬|SayJack|
嘽|啴|SayJack|
湯|汤|SayJack|
燙|烫|SayJack|
醣|糖|SayJack|
鏜|镗|SayJack|
钂|镋|SayJack|
儻|傥|SayJack|
鐋|铴|SayJack|
討|讨|SayJack|
濤|涛|SayJack|
綯|绹|SayJack|
絛|绦|SayJack|
韜|韬|SayJack|
鞀|鼗|SayJack|
鋱|铽|SayJack|
騰|腾|SayJack|
籐|藤|SayJack|
謄|誊|SayJack|
體|体|SayJack|
屜|屉|SayJack|
題|题|SayJack|
銻|锑|SayJack|
緹|缇|SayJack|
鵜|鹈|SayJack|
綈|绨|SayJack|
闐|阗|SayJack|
鍩|锘|SayJack|
靦|腼|SayJack|
條|条|SayJack|
鰷|鲦|SayJack|
齠|龆|SayJack|
糶|粜|SayJack|
貼|贴|SayJack|
鐵|铁|SayJack|
鋨|锇|SayJack|
聽|听|SayJack|
廳|厅|SayJack|
鋌|铤|SayJack|
頲|颋|SayJack|
統|统|SayJack|
銅|铜|SayJack|
慟|恸|SayJack|
仝|同|SayJack|
頭|头|SayJack|
禿|秃|SayJack|
圖|图|SayJack|
塗|涂|SayJack|
釷|钍|SayJack|
凃|涂|SayJack|
團|团|SayJack|
摶|抟|SayJack|
糰|团|SayJack|
頹|颓|SayJack|
蛻|蜕|SayJack|
飩|饨|SayJack|
魨|鲀|SayJack|
牠|它|SayJack|
馱|驮|SayJack|
駝|驼|SayJack|
託|托|SayJack|
橢|椭|SayJack|
脫|脱|SayJack|
鴕|鸵|SayJack|
鼉|鼍|SayJack|
籜|箨|SayJack|
襪|袜|SayJack|
窪|洼|SayJack|
媧|娲|SayJack|
膃|腽|SayJack|
咼|呙|SayJack|
彎|弯|SayJack|
頑|顽|SayJack|
萬|万|SayJack|
灣|湾|SayJack|
輓|挽|SayJack|
壪|塆|SayJack|
鯇|鲩|SayJack|
紈|纨|SayJack|
綰|绾|SayJack|
網|网|SayJack|
輞|辋|SayJack|
圍|围|SayJack|
衞|卫|SayJack|
偉|伟|SayJack|
餵|喂|SayJack|
偽|伪|SayJack|
謂|谓|SayJack|
違|违|SayJack|
為|为|SayJack|
維|维|SayJack|
葦|苇|SayJack|
衛|卫|SayJack|
緯|纬|SayJack|
蝟|猬|SayJack|
煒|炜|SayJack|
濰|潍|SayJack|
韋|韦|SayJack|
瑋|玮|SayJack|
幃|帏|SayJack|
潿|涠|SayJack|
䲁|鳚|SayJack|
韙|韪|SayJack|
闈|闱|SayJack|
鮪|鲔|SayJack|
諉|诿|SayJack|
鰃|鳂|SayJack|
穩|稳|SayJack|
聞|闻|SayJack|
紋|纹|SayJack|
問|问|SayJack|
溫|温|SayJack|
鰛|鳁|SayJack|
轀|辒|SayJack|
搵|揾|SayJack|
閿|阌|SayJack|
甕|瓮|SayJack|
鶲|鹟|SayJack|
窩|窝|SayJack|
臥|卧|SayJack|
渦|涡|SayJack|
萵|莴|SayJack|
齷|龌|SayJack|
誣|诬|SayJack|
烏|乌|SayJack|
無|无|SayJack|
誤|误|SayJack|
蕪|芜|SayJack|
務|务|SayJack|
嗚|呜|SayJack|
霧|雾|SayJack|
鵡|鹉|SayJack|
吳|吴|SayJack|
塢|坞|SayJack|
汙|污|SayJack|
摀|捂|SayJack|
鋙|铻|SayJack|
鄔|邬|SayJack|
鶩|鹜|SayJack|
鎢|钨|SayJack|
廡|庑|SayJack|
嫵|妩|SayJack|
騖|骛|SayJack|
憮|怃|SayJack|
鵐|鹀|SayJack|
戲|戏|SayJack|
細|细|SayJack|
係|系|SayJack|
犧|牺|SayJack|
襲|袭|SayJack|
習|习|SayJack|
繫|系|SayJack|
蓆|席|SayJack|
錫|锡|SayJack|
谿|溪|SayJack|
釃|酾|SayJack|
屓|屃|SayJack|
餼|饩|SayJack|
璽|玺|SayJack|
綌|绤|SayJack|
覡|觋|SayJack|
鬩|阋|SayJack|
嚇|吓|SayJack|
蝦|虾|SayJack|
俠|侠|SayJack|
峽|峡|SayJack|
狹|狭|SayJack|
轄|辖|SayJack|
陜|陕|SayJack|
芐|苄|SayJack|
硤|硖|SayJack|
餡|馅|SayJack|
銜|衔|SayJack|
鮮|鲜|SayJack|
縣|县|SayJack|
獻|献|SayJack|
現|现|SayJack|
啣|衔|SayJack|
鹹|咸|SayJack|
賢|贤|SayJack|
羨|羡|SayJack|
憲|宪|SayJack|
險|险|SayJack|
纖|纤|SayJack|
閒|闲|SayJack|
線|线|SayJack|
顯|显|SayJack|
絃|弦|SayJack|
閑|闲|SayJack|
嫻|娴|SayJack|
蜆|蚬|SayJack|
莧|苋|SayJack|
峴|岘|SayJack|
鷳|鹇|SayJack|
癇|痫|SayJack|
獮|狝|SayJack|
躚|跹|SayJack|
銑|铣|SayJack|
嫺|娴|SayJack|
獫|猃|SayJack|
秈|籼|SayJack|
鍁|锨|SayJack|
蘚|藓|SayJack|
嚮|向|SayJack|
鑲|镶|SayJack|
廂|厢|SayJack|
詳|详|SayJack|
餉|饷|SayJack|
響|响|SayJack|
鄉|乡|SayJack|
項|项|SayJack|
薌|芗|SayJack|
驤|骧|SayJack|
鯗|鲞|SayJack|
緗|缃|SayJack|
饗|飨|SayJack|
銷|销|SayJack|
曉|晓|SayJack|
嘯|啸|SayJack|
蕭|萧|SayJack|
瀟|潇|SayJack|
囂|嚣|SayJack|
効|效|SayJack|
簫|箫|SayJack|
傚|效|SayJack|
梟|枭|SayJack|
驍|骁|SayJack|
嘵|哓|SayJack|
綃|绡|SayJack|
鴞|鸮|SayJack|
協|协|SayJack|
瀉|泻|SayJack|
諧|谐|SayJack|
寫|写|SayJack|
挾|挟|SayJack|
謝|谢|SayJack|
脅|胁|SayJack|
攜|携|SayJack|
蠍|蝎|SayJack|
鋣|铘|SayJack|
纈|缬|SayJack|
紲|绁|SayJack|
擷|撷|SayJack|
洩|泄|SayJack|
褻|亵|SayJack|
鋅|锌|SayJack|
釁|衅|SayJack|
興|兴|SayJack|
倖|幸|SayJack|
鈃|钘|SayJack|
滎|荥|SayJack|
餳|饧|SayJack|
陘|陉|SayJack|
騂|骍|SayJack|
兇|凶|SayJack|
洶|汹|SayJack|
鏽|锈|SayJack|
繡|绣|SayJack|
脩|修|SayJack|
銹|锈|SayJack|
鵂|鸺|SayJack|
饈|馐|SayJack|
虛|虚|SayJack|
須|须|SayJack|
鬚|须|SayJack|
緒|绪|SayJack|
續|续|SayJack|
許|许|SayJack|
敍|叙|SayJack|
敘|叙|SayJack|
卹|恤|SayJack|
噓|嘘|SayJack|
勗|勖|SayJack|
詡|诩|SayJack|
緖|绪|SayJack|
頊|顼|SayJack|
選|选|SayJack|
懸|悬|SayJack|
絢|绚|SayJack|
癬|癣|SayJack|
軒|轩|SayJack|
䴉|鹮|SayJack|
鉉|铉|SayJack|
諼|谖|SayJack|
學|学|SayJack|
鱈|鳕|SayJack|
勛|勋|SayJack|
遜|逊|SayJack|
訓|训|SayJack|
馴|驯|SayJack|
訊|讯|SayJack|
尋|寻|SayJack|
詢|询|SayJack|
燻|熏|SayJack|
塤|埙|SayJack|
潯|浔|SayJack|
蕁|荨|SayJack|
勳|勋|SayJack|
鱘|鲟|SayJack|
訝|讶|SayJack|
鴨|鸭|SayJack|
啞|哑|SayJack|
亞|亚|SayJack|
鴉|鸦|SayJack|
壓|压|SayJack|
軋|轧|SayJack|
埡|垭|SayJack|
氬|氩|SayJack|
婭|娅|SayJack|
巖|岩|SayJack|
嚴|严|SayJack|
厭|厌|SayJack|
豔|艳|SayJack|
簷|檐|SayJack|
驗|验|SayJack|
煙|烟|SayJack|
顏|颜|SayJack|
鹽|盐|SayJack|
醃|腌|SayJack|
閻|阎|SayJack|
硯|砚|SayJack|
諺|谚|SayJack|
燄|焰|SayJack|
嚥|咽|SayJack|
厴|厣|SayJack|
兗|兖|SayJack|
贋|赝|SayJack|
釅|酽|SayJack|
鼴|鼹|SayJack|
灩|滟|SayJack|
懨|恹|SayJack|
嵒|岩|SayJack|
贗|赝|SayJack|
讞|谳|SayJack|
魘|魇|SayJack|
艷|艳|SayJack|
饜|餍|SayJack|
閹|阉|SayJack|
儼|俨|SayJack|
彥|彦|SayJack|
養|养|SayJack|
癢|痒|SayJack|
鴦|鸯|SayJack|
揚|扬|SayJack|
樣|样|SayJack|
陽|阳|SayJack|
楊|杨|SayJack|
颺|扬|SayJack|
瑒|玚|SayJack|
暘|旸|SayJack|
瘍|疡|SayJack|
煬|炀|SayJack|
遙|遥|SayJack|
搖|摇|SayJack|
藥|药|SayJack|
鑰|钥|SayJack|
謠|谣|SayJack|
窯|窑|SayJack|
餚|肴|SayJack|
瑤|瑶|SayJack|
鰩|鳐|SayJack|
鷂|鹞|SayJack|
葯|药|SayJack|
堯|尧|SayJack|
軺|轺|SayJack|
嶢|峣|SayJack|
銚|铫|SayJack|
業|业|SayJack|
葉|叶|SayJack|
爺|爷|SayJack|
頁|页|SayJack|
謁|谒|SayJack|
琊|玡|SayJack|
饁|馌|SayJack|
鄴|邺|SayJack|
燁|烨|SayJack|
靨|靥|SayJack|
曄|晔|SayJack|
藝|艺|SayJack|
譯|译|SayJack|
蟻|蚁|SayJack|
億|亿|SayJack|
義|义|SayJack|
醫|医|SayJack|
詣|诣|SayJack|
憶|忆|SayJack|
枱|台|SayJack|
遺|遗|SayJack|
議|议|SayJack|
誼|谊|SayJack|
異|异|SayJack|
儀|仪|SayJack|
繹|绎|SayJack|
懌|怿|SayJack|
鎰|镒|SayJack|
貽|贻|SayJack|
艤|舣|SayJack|
餏|饻|SayJack|
釔|钇|SayJack|
禕|祎|SayJack|
睪|睾|SayJack|
頤|颐|SayJack|
嶧|峄|SayJack|
迆|迤|SayJack|
軼|轶|SayJack|
驛|驿|SayJack|
縊|缢|SayJack|
瘞|瘗|SayJack|
詒|诒|SayJack|
銥|铱|SayJack|
飴|饴|SayJack|
囈|呓|SayJack|
勩|勚|SayJack|
鐿|镱|SayJack|
銀|银|SayJack|
蔭|荫|SayJack|
陰|阴|SayJack|
隱|隐|SayJack|
癮|瘾|SayJack|
飲|饮|SayJack|
慇|殷|SayJack|
憖|慭|SayJack|
縯|演|SayJack|
銦|铟|SayJack|
應|应|SayJack|
瑩|莹|SayJack|
鷹|鹰|SayJack|
螢|萤|SayJack|
鶯|莺|SayJack|
營|营|SayJack|
嬰|婴|SayJack|
穎|颖|SayJack|
贏|赢|SayJack|
蠅|蝇|SayJack|
櫻|樱|SayJack|
纓|缨|SayJack|
鸚|鹦|SayJack|
熒|荧|SayJack|
攖|撄|SayJack|
潁|颍|SayJack|
癭|瘿|SayJack|
罌|罂|SayJack|
瓔|璎|SayJack|
瀠|潆|SayJack|
縈|萦|SayJack|
嚶|嘤|SayJack|
鎣|蓥|SayJack|
瀅|滢|SayJack|
塋|茔|SayJack|
喲|哟|SayJack|
湧|涌|SayJack|
傭|佣|SayJack|
詠|咏|SayJack|
踴|踊|SayJack|
擁|拥|SayJack|
鱅|鳙|SayJack|
顒|颙|SayJack|
癰|痈|SayJack|
鯒|鲬|SayJack|
鏞|镛|SayJack|
郵|邮|SayJack|
遊|游|SayJack|
誘|诱|SayJack|
猶|犹|SayJack|
憂|忧|SayJack|
魷|鱿|SayJack|
優|优|SayJack|
祐|佑|SayJack|
銪|铕|SayJack|
鈾|铀|SayJack|
蕕|莸|SayJack|
鮋|鲉|SayJack|
語|语|SayJack|
鬱|郁|SayJack|
輿|舆|SayJack|
諭|谕|SayJack|
籲|吁|SayJack|
譽|誉|SayJack|
獄|狱|SayJack|
娛|娱|SayJack|
癒|愈|SayJack|
漁|渔|SayJack|
預|预|SayJack|
禦|御|SayJack|
慾|欲|SayJack|
與|与|SayJack|
嶼|屿|SayJack|
魚|鱼|SayJack|
瘀|淤|SayJack|
瘉|愈|SayJack|
璵|玙|SayJack|
飫|饫|SayJack|
澦|滪|SayJack|
鵒|鹆|SayJack|
鈺|钰|SayJack|
傴|伛|SayJack|
諛|谀|SayJack|
馭|驭|SayJack|
閾|阈|SayJack|
覦|觎|SayJack|
嫗|妪|SayJack|
歟|欤|SayJack|
紆|纡|SayJack|
俁|俣|SayJack|
蕷|蓣|SayJack|
齬|龉|SayJack|
鷸|鹬|SayJack|
踰|逾|SayJack|
畬|畲|SayJack|
願|愿|SayJack|
鴛|鸳|SayJack|
淵|渊|SayJack|
園|园|SayJack|
圓|圆|SayJack|
緣|缘|SayJack|
遠|远|SayJack|
員|员|SayJack|
轅|辕|SayJack|
櫞|橼|SayJack|
鳶|鸢|SayJack|
黿|鼋|SayJack|
嶽|岳|SayJack|
閲|阅|SayJack|
躍|跃|SayJack|
粵|粤|SayJack|
約|约|SayJack|
閱|阅|SayJack|
悅|悦|SayJack|
噦|哕|SayJack|
鉞|钺|SayJack|
醖|酝|SayJack|
勻|匀|SayJack|
暈|晕|SayJack|
韻|韵|SayJack|
紜|纭|SayJack|
雲|云|SayJack|
運|运|SayJack|
藴|蕴|SayJack|
醞|酝|SayJack|
隕|陨|SayJack|
蘊|蕴|SayJack|
韞|韫|SayJack|
溳|涢|SayJack|
氳|氲|SayJack|
贇|赟|SayJack|
惲|恽|SayJack|
慍|愠|SayJack|
鄖|郧|SayJack|
澐|沄|SayJack|
殞|殒|SayJack|
鄆|郓|SayJack|
篔|筼|SayJack|
薀|蕰|SayJack|
雜|杂|SayJack|
紮|扎|SayJack|
偺|咱|SayJack|
災|灾|SayJack|
載|载|SayJack|
贊|赞|SayJack|
暫|暂|SayJack|
讚|赞|SayJack|
瓚|瓒|SayJack|
攢|攒|SayJack|
趲|趱|SayJack|
鏨|錾|SayJack|
贓|赃|SayJack|
臟|脏|SayJack|
髒|脏|SayJack|
臢|臜|SayJack|
駔|驵|SayJack|
鑿|凿|SayJack|
棗|枣|SayJack|
譟|噪|SayJack|
繰|缲|SayJack|
蹧|糟|SayJack|
則|则|SayJack|
澤|泽|SayJack|
責|责|SayJack|
擇|择|SayJack|
賾|赜|SayJack|
簀|箦|SayJack|
嘖|啧|SayJack|
幘|帻|SayJack|
賊|贼|SayJack|
譖|谮|SayJack|
贈|赠|SayJack|
繒|缯|SayJack|
閘|闸|SayJack|
詐|诈|SayJack|
柵|栅|SayJack|
搾|榨|SayJack|
鮓|鲊|SayJack|
吒|咤|SayJack|
鍘|铡|SayJack|
債|债|SayJack|
齋|斋|SayJack|
盞|盏|SayJack|
佔|占|SayJack|
顫|颤|SayJack|
嶄|崭|SayJack|
斬|斩|SayJack|
輾|辗|SayJack|
戰|战|SayJack|
綻|绽|SayJack|
氈|毡|SayJack|
霑|沾|SayJack|
棧|栈|SayJack|
覘|觇|SayJack|
颭|飐|SayJack|
譫|谵|SayJack|
脹|胀|SayJack|
漲|涨|SayJack|
帳|帐|SayJack|
賬|账|SayJack|
張|张|SayJack|
趙|赵|SayJack|
詔|诏|SayJack|
釗|钊|SayJack|
櫂|棹|SayJack|
這|这|SayJack|
鍺|锗|SayJack|
輒|辄|SayJack|
謫|谪|SayJack|
蟄|蛰|SayJack|
鷓|鹧|SayJack|
診|诊|SayJack|
陣|阵|SayJack|
針|针|SayJack|
偵|侦|SayJack|
鎮|镇|SayJack|
賑|赈|SayJack|
貞|贞|SayJack|
楨|桢|SayJack|
軫|轸|SayJack|
鴆|鸩|SayJack|
禎|祯|SayJack|
箏|筝|SayJack|
爭|争|SayJack|
掙|挣|SayJack|
鄭|郑|SayJack|
睜|睁|SayJack|
證|证|SayJack|
猙|狰|SayJack|
証|证|SayJack|
癥|症|SayJack|
鋥|锃|SayJack|
幀|帧|SayJack|
崢|峥|SayJack|
錚|铮|SayJack|
諍|诤|SayJack|
鉦|钲|SayJack|
幟|帜|SayJack|
紙|纸|SayJack|
隻|只|SayJack|
執|执|SayJack|
摯|挚|SayJack|
織|织|SayJack|
緻|致|SayJack|
滯|滞|SayJack|
擲|掷|SayJack|
誌|志|SayJack|
姪|侄|SayJack|
製|制|SayJack|
職|职|SayJack|
質|质|SayJack|
躓|踬|SayJack|
梔|栀|SayJack|
鷙|鸷|SayJack|
騭|骘|SayJack|
躑|踯|SayJack|
輊|轾|SayJack|
贄|贽|SayJack|
銍|铚|SayJack|
縶|絷|SayJack|
軹|轵|SayJack|
觶|觯|SayJack|
鑕|锧|SayJack|
種|种|SayJack|
鐘|钟|SayJack|
終|终|SayJack|
鍾|钟|SayJack|
眾|众|SayJack|
腫|肿|SayJack|
塚|冢|SayJack|
皺|皱|SayJack|
軸|轴|SayJack|
週|周|SayJack|
晝|昼|SayJack|
鵃|鸼|SayJack|
紂|纣|SayJack|
輈|辀|SayJack|
冑|胄|SayJack|
縐|绉|SayJack|
豬|猪|SayJack|
諸|诸|SayJack|
貯|贮|SayJack|
燭|烛|SayJack|
駐|驻|SayJack|
築|筑|SayJack|
囑|嘱|SayJack|
矚|瞩|SayJack|
鑄|铸|SayJack|
註|注|SayJack|
硃|朱|SayJack|
櫧|槠|SayJack|
瀦|潴|SayJack|
紵|纻|SayJack|
櫫|橥|SayJack|
苧|苎|SayJack|
佇|伫|SayJack|
誅|诛|SayJack|
銖|铢|SayJack|
撾|挝|SayJack|
賺|赚|SayJack|
專|专|SayJack|
轉|转|SayJack|
磚|砖|SayJack|
顓|颛|SayJack|
囀|啭|SayJack|
饌|馔|SayJack|
樁|桩|SayJack|
莊|庄|SayJack|
壯|壮|SayJack|
狀|状|SayJack|
裝|装|SayJack|
粧|妆|SayJack|
妝|妆|SayJack|
綴|缀|SayJack|
錐|锥|SayJack|
墜|坠|SayJack|
贅|赘|SayJack|
騅|骓|SayJack|
縋|缒|SayJack|
準|准|SayJack|
諄|谆|SayJack|
濁|浊|SayJack|
鐲|镯|SayJack|
諑|诼|SayJack|
梲|棁|SayJack|
漬|渍|SayJack|
諮|咨|SayJack|
資|资|SayJack|
齜|龇|SayJack|
玆|兹|SayJack|
緇|缁|SayJack|
輜|辎|SayJack|
茲|兹|SayJack|
鯔|鲻|SayJack|
貲|赀|SayJack|
鎡|镃|SayJack|
錙|锱|SayJack|
眥|眦|SayJack|
鶿|鹚|SayJack|
總|总|SayJack|
綜|综|SayJack|
蹤|踪|SayJack|
縱|纵|SayJack|
瘲|疭|SayJack|
傯|偬|SayJack|
驟|骤|SayJack|
騶|驺|SayJack|
鄒|邹|SayJack|
諏|诹|SayJack|
謅|诌|SayJack|
鯫|鲰|SayJack|
組|组|SayJack|
詛|诅|SayJack|
鏃|镞|SayJack|
鑽|钻|SayJack|
躦|躜|SayJack|
纘|缵|SayJack|
檇|槜|SayJack|
鱒|鳟|SayJack|
畫|画|feng|
卻|却|feng|
藉口|借口|feng|借口、凭借，otherwise 藉
憑藉|凭借|feng|借口、凭借，otherwise 藉
夥|伙|Yiliya|feng: 夥 is only used in the PRC when it means 多.
鹼|碱|Yiliya| I know for sure that 硷 is a non-standard (perhaps older) simplification. No longer used. Baidu automatically converts it to 碱.
餘|余|Yiliya|feng: 馀 is only supposed to be used when necessary to prevent confusion.
摺|折|Yiliya|feng: 摺 is only used in the PRC when necessary to avoid confusion.
㑯|㑔|Unihan|kSimplifiedVariant
㑳|㑇|Unihan|kSimplifiedVariant
㒓|𠉂|Unihan|kSimplifiedVariant
㓨|刾|Unihan|kSimplifiedVariant
㗲|𠵾|Unihan|kSimplifiedVariant
㘚|㘎|Unihan|kSimplifiedVariant
㜄|㚯|Unihan|kSimplifiedVariant
㜏|㛣|Unihan|kSimplifiedVariant
㜢|𡞱|Unihan|kSimplifiedVariant
㜷|𡝠|Unihan|kSimplifiedVariant
㞞|𪨊|Unihan|kSimplifiedVariant
㠏|㟆|Unihan|kSimplifiedVariant
㢝|𢋈|Unihan|kSimplifiedVariant
㥮|㤘|Unihan|kSimplifiedVariant
㦎|𢛯|Unihan|kSimplifiedVariant
㩜|㨫|Unihan|kSimplifiedVariant
㩳|㧐|Unihan|kSimplifiedVariant
㷿|𤈷|Unihan|kSimplifiedVariant
㺏|𤠋|Unihan|kSimplifiedVariant
㿧|𤽯|Unihan|kSimplifiedVariant
䀹|𥅴|Unihan|kSimplifiedVariant
䁪|𥇢|Unihan|kSimplifiedVariant
䁻|䀥|Unihan|kSimplifiedVariant
䉙|𥬀|Unihan|kSimplifiedVariant
䉬|𫂈|Unihan|kSimplifiedVariant
䉲|𥮜|Unihan|kSimplifiedVariant
䊭|𥺅|Unihan|kSimplifiedVariant
䊷|䌶|Unihan|kSimplifiedVariant
䋙|䌺|Unihan|kSimplifiedVariant
䋚|䌻|Unihan|kSimplifiedVariant
䋻|䌾|Unihan|kSimplifiedVariant
䋿|𦈓|Unihan|kSimplifiedVariant
䌈|𦈖|Unihan|kSimplifiedVariant
䌋|𦈘|Unihan|kSimplifiedVariant
䌖|𦈜|Unihan|kSimplifiedVariant
䌝|𦈟|Unihan|kSimplifiedVariant
䌟|𦈞|Unihan|kSimplifiedVariant
䌥|𦈠|Unihan|kSimplifiedVariant
䌰|𦈙|Unihan|kSimplifiedVariant
䕳|𦰴|Unihan|kSimplifiedVariant
䗿|𧉞|Unihan|kSimplifiedVariant
䙡|䙌|Unihan|kSimplifiedVariant
䜀|䜧|Unihan|kSimplifiedVariant
䝻|𧹕|Unihan|kSimplifiedVariant
䝼|䞍|Unihan|kSimplifiedVariant
䞈|𧹑|Unihan|kSimplifiedVariant
䢨|𨑹|Unihan|kSimplifiedVariant
䥇|䦂|Unihan|kSimplifiedVariant
䥩|𨱖|Unihan|kSimplifiedVariant
䥱|䥾|Unihan|kSimplifiedVariant
䦘|𨸄|Unihan|kSimplifiedVariant
䦛|䦶|Unihan|kSimplifiedVariant
䦟|䦷|Unihan|kSimplifiedVariant
䦳|𨷿|Unihan|kSimplifiedVariant
䧢|𨸟|Unihan|kSimplifiedVariant
䪏|𩏼|Unihan|kSimplifiedVariant
䪗|𩐀|Unihan|kSimplifiedVariant
䪘|𩏿|Unihan|kSimplifiedVariant
䫴|𩖗|Unihan|kSimplifiedVariant
䬘|𩙮|Unihan|kSimplifiedVariant
䬝|𩙯|Unihan|kSimplifiedVariant
䬞|𩙧|Unihan|kSimplifiedVariant
䭀|𩠇|Unihan|kSimplifiedVariant
䭃|𩠈|Unihan|kSimplifiedVariant
䭿|𩧭|Unihan|kSimplifiedVariant
䮝|𩧰|Unihan|kSimplifiedVariant
䮞|𩨁|Unihan|kSimplifiedVariant
䮠|𩧿|Unihan|kSimplifiedVariant
䮫|𩨇|Unihan|kSimplifiedVariant
䮳|𩨏|Unihan|kSimplifiedVariant
䮾|𩧪|Unihan|kSimplifiedVariant
䯀|䯅|Unihan|kSimplifiedVariant
䱙|𩾈|Unihan|kSimplifiedVariant
䱬|𩾊|Unihan|kSimplifiedVariant
䱰|𩾋|Unihan|kSimplifiedVariant
䱷|䲣|Unihan|kSimplifiedVariant
䱽|䲝|Unihan|kSimplifiedVariant
䲖|𩾂|Unihan|kSimplifiedVariant
䲰|𪉂|Unihan|kSimplifiedVariant
䴬|鹮|Unihan|kSimplifiedVariant
䴬|𪎈|Unihan|kSimplifiedVariant
䴴|𪎋|Unihan|kSimplifiedVariant
余|余|Unihan|kSimplifiedVariant
俔|伣|Unihan|kSimplifiedVariant
俥|伡|Unihan|kSimplifiedVariant
倈|俫|Unihan|kSimplifiedVariant
倬|仓|Unihan|kSimplifiedVariant
倲|㑈|Unihan|kSimplifiedVariant
偑|㐽|Unihan|kSimplifiedVariant
僞|伪|Unihan|kSimplifiedVariant
儬|俭|Unihan|kSimplifiedVariant
儣|𠆲|Unihan|kSimplifiedVariant
儸|㑩|Unihan|kSimplifiedVariant
凈|净|Unihan|kSimplifiedVariant
凙|𪞝|Unihan|kSimplifiedVariant
剗|刬|Unihan|kSimplifiedVariant
剾|𠛅|Unihan|kSimplifiedVariant
劏|㓥|Unihan|kSimplifiedVariant
劚|㔬|Unihan|kSimplifiedVariant
台|台|Unihan|kSimplifiedVariant
后|后|Unihan|kSimplifiedVariant
哯|𠯟|Unihan|kSimplifiedVariant
唚|吣|Unihan|kSimplifiedVariant
啢|唡|Unihan|kSimplifiedVariant
喎|㖞|Unihan|kSimplifiedVariant
嗹|𪡏|Unihan|kSimplifiedVariant
嘓|啯|Unihan|kSimplifiedVariant
噅|𠯠|Unihan|kSimplifiedVariant
噚|㖊|Unihan|kSimplifiedVariant
噠|哒|Unihan|kSimplifiedVariant
嚌|哜|Unihan|kSimplifiedVariant
圞|𪢮|Unihan|kSimplifiedVariant
垵|埯|Unihan|kSimplifiedVariant
埰|采|Unihan|kSimplifiedVariant
堖|垴|Unihan|kSimplifiedVariant
壈|𡒄|Unihan|kSimplifiedVariant
壼|壸|Unihan|kSimplifiedVariant
媰|㛀|Unihan|kSimplifiedVariant
嬃|媭|Unihan|kSimplifiedVariant
孋|㛤|Unihan|kSimplifiedVariant
屩|𪨗|Unihan|kSimplifiedVariant
崬|岽|Unihan|kSimplifiedVariant
嵼|𡶴|Unihan|kSimplifiedVariant
嶮|崄|Unihan|kSimplifiedVariant
幺|么|Unihan|kSimplifiedVariant
弳|弪|Unihan|kSimplifiedVariant
彞|彝|Unihan|kSimplifiedVariant
彠|彟|Unihan|kSimplifiedVariant
彲|彨|Unihan|kSimplifiedVariant
征|征|Unihan|kSimplifiedVariant
志|志|Unihan|kSimplifiedVariant
悞|悮|Unihan|kSimplifiedVariant
愿|愿|Unihan|kSimplifiedVariant
懀|𢙓|Unihan|kSimplifiedVariant
戱|戯|Unihan|kSimplifiedVariant
挩|捝|Unihan|kSimplifiedVariant
掆|㧏|Unihan|kSimplifiedVariant
掗|挜|Unihan|kSimplifiedVariant
摋|𢫬|Unihan|kSimplifiedVariant
撏|挦|Unihan|kSimplifiedVariant
撝|㧑|Unihan|kSimplifiedVariant
擓|㧟|Unihan|kSimplifiedVariant
擽|㧰|Unihan|kSimplifiedVariant
斅|𢽾|Unihan|kSimplifiedVariant
斆|敩|Unihan|kSimplifiedVariant
曏|向|Unihan|kSimplifiedVariant
曥|𣆐|Unihan|kSimplifiedVariant
朥|𦛨|Unihan|kSimplifiedVariant
杴|锨|Unihan|kSimplifiedVariant
极|极|Unihan|kSimplifiedVariant
棡|㭎|Unihan|kSimplifiedVariant
椏|桠|Unihan|kSimplifiedVariant
椲|㭏|Unihan|kSimplifiedVariant
榪|杩|Unihan|kSimplifiedVariant
榲|榅|Unihan|kSimplifiedVariant
槶|椢|Unihan|kSimplifiedVariant
槼|椝|Unihan|kSimplifiedVariant
樢|㭤|Unihan|kSimplifiedVariant
樫|㭴|Unihan|kSimplifiedVariant
樳|桪|Unihan|kSimplifiedVariant
樿|椫|Unihan|kSimplifiedVariant
檭|𣘴|Unihan|kSimplifiedVariant
檮|梼|Unihan|kSimplifiedVariant
欍|𣐤|Unihan|kSimplifiedVariant
欓|𣗋|Unihan|kSimplifiedVariant
欞|棂|Unihan|kSimplifiedVariant
殨|㱮|Unihan|kSimplifiedVariant
殰|㱩|Unihan|kSimplifiedVariant
漵|溆|Unihan|kSimplifiedVariant
潷|滗|Unihan|kSimplifiedVariant
澅|𣶩|Unihan|kSimplifiedVariant
澩|泶|Unihan|kSimplifiedVariant
澾|㳠|Unihan|kSimplifiedVariant
濄|㳡|Unihan|kSimplifiedVariant
濆|𣸣|Unihan|kSimplifiedVariant
濜|浕|Unihan|kSimplifiedVariant
濧|㳔|Unihan|kSimplifiedVariant
瀂|澛|Unihan|kSimplifiedVariant
瀃|𣽷|Unihan|kSimplifiedVariant
瀇|㲿|Unihan|kSimplifiedVariant
瀬|泻|Unihan|kSimplifiedVariant
灕|漓|Unihan|kSimplifiedVariant
灙|𣺼|Unihan|kSimplifiedVariant
灠|漤|Unihan|kSimplifiedVariant
灡|㳕|Unihan|kSimplifiedVariant
灧|滟|Unihan|kSimplifiedVariant
煱|㶽|Unihan|kSimplifiedVariant
熅|煴|Unihan|kSimplifiedVariant
熉|𤈶|Unihan|kSimplifiedVariant
熌|𤇄|Unihan|kSimplifiedVariant
熓|𤆡|Unihan|kSimplifiedVariant
熡|𤋏|Unihan|kSimplifiedVariant
熲|颎|Unihan|kSimplifiedVariant
燶|㶶|Unihan|kSimplifiedVariant
爄|𤇃|Unihan|kSimplifiedVariant
獱|㺍|Unihan|kSimplifiedVariant
玁|𤞤|Unihan|kSimplifiedVariant
瑲|玱|Unihan|kSimplifiedVariant
瑽|𪻐|Unihan|kSimplifiedVariant
璯|㻅|Unihan|kSimplifiedVariant
瓕|𤦀|Unihan|kSimplifiedVariant
痾|疴|Unihan|kSimplifiedVariant
瘂|痖|Unihan|kSimplifiedVariant
皟|𤾀|Unihan|kSimplifiedVariant
睍|𪾢|Unihan|kSimplifiedVariant
瞘|眍|Unihan|kSimplifiedVariant
瞜|䁖|Unihan|kSimplifiedVariant
瞤|𥆧|Unihan|kSimplifiedVariant
瞶|瞆|Unihan|kSimplifiedVariant
碙|𥐻|Unihan|kSimplifiedVariant
碽|䂵|Unihan|kSimplifiedVariant
磑|硙|Unihan|kSimplifiedVariant
磠|硵|Unihan|kSimplifiedVariant
礆|硷|Unihan|kSimplifiedVariant
礒|𥐟|Unihan|kSimplifiedVariant
禰|祢|Unihan|kSimplifiedVariant
稏|䅉|Unihan|kSimplifiedVariant
穭|稆|Unihan|kSimplifiedVariant
窵|窎|Unihan|kSimplifiedVariant
筴|䇲|Unihan|kSimplifiedVariant
篘|𥬠|Unihan|kSimplifiedVariant
籋|𥬞|Unihan|kSimplifiedVariant
籔|䉤|Unihan|kSimplifiedVariant
籛|篯|Unihan|kSimplifiedVariant
籪|簖|Unihan|kSimplifiedVariant
糹|纟|Unihan|kSimplifiedVariant
紬|纫|Unihan|kSimplifiedVariant
紖|纼|Unihan|kSimplifiedVariant
紘|纮|Unihan|kSimplifiedVariant
紬|䌷|Unihan|kSimplifiedVariant
紿|绐|Unihan|kSimplifiedVariant
絅|䌹|Unihan|kSimplifiedVariant
絰|绖|Unihan|kSimplifiedVariant
絺|𫄨|Unihan|kSimplifiedVariant
綀|𦈌|Unihan|kSimplifiedVariant
綇|𦈋|Unihan|kSimplifiedVariant
綐|䌼|Unihan|kSimplifiedVariant
緍|𦈏|Unihan|kSimplifiedVariant
緓|绬|Unihan|kSimplifiedVariant
緰|𦈕|Unihan|kSimplifiedVariant
緷|𦈬|Unihan|kSimplifiedVariant
緸|𦈑|Unihan|kSimplifiedVariant
縬|缙|Unihan|kSimplifiedVariant
縎|𦈔|Unihan|kSimplifiedVariant
縕|缊|Unihan|kSimplifiedVariant
縗|缞|Unihan|kSimplifiedVariant
縬|𦈚|Unihan|kSimplifiedVariant
縳|䌸|Unihan|kSimplifiedVariant
縺|𦈐|Unihan|kSimplifiedVariant
繏|𦈝|Unihan|kSimplifiedVariant
繓|𦈛|Unihan|kSimplifiedVariant
繟|𦈎|Unihan|kSimplifiedVariant
繢|缋|Unihan|kSimplifiedVariant
繸|䍁|Unihan|kSimplifiedVariant
繻|𦈡|Unihan|kSimplifiedVariant
繿|䍀|Unihan|kSimplifiedVariant
纁|𫄸|Unihan|kSimplifiedVariant
纇|颣|Unihan|kSimplifiedVariant
纍|累|Unihan|kSimplifiedVariant
耮|耢|Unihan|kSimplifiedVariant
脥|𣍰|Unihan|kSimplifiedVariant
腪|𣍯|Unihan|kSimplifiedVariant
膕|腘|Unihan|kSimplifiedVariant
膢|𦝼|Unihan|kSimplifiedVariant
臗|𣎑|Unihan|kSimplifiedVariant
般|举|Unihan|kSimplifiedVariant
萴|荝|Unihan|kSimplifiedVariant
葤|荮|Unihan|kSimplifiedVariant
蓴|莼|Unihan|kSimplifiedVariant
蕓|芸|Unihan|kSimplifiedVariant
薳|䓕|Unihan|kSimplifiedVariant
薴|苧|Unihan|kSimplifiedVariant
虆|蔂|Unihan|kSimplifiedVariant
蜡|蜡|Unihan|kSimplifiedVariant
螮|䗖|Unihan|kSimplifiedVariant
螿|螀|Unihan|kSimplifiedVariant
蠁|蚃|Unihan|kSimplifiedVariant
蠨|蟏|Unihan|kSimplifiedVariant
衕|同|Unihan|kSimplifiedVariant
衚|胡|Unihan|kSimplifiedVariant
襀|𫌀|Unihan|kSimplifiedVariant
襉|裥|Unihan|kSimplifiedVariant
襬|䙓|Unihan|kSimplifiedVariant
覆|复|Unihan|kSimplifiedVariant
覎|觃|Unihan|kSimplifiedVariant
覥|觍|Unihan|kSimplifiedVariant
覼|𫌨|Unihan|kSimplifiedVariant
訁|讠|Unihan|kSimplifiedVariant
訑|𫍙|Unihan|kSimplifiedVariant
訒|讱|Unihan|kSimplifiedVariant
訢|䜣|Unihan|kSimplifiedVariant
訩|讻|Unihan|kSimplifiedVariant
詀|𧮪|Unihan|kSimplifiedVariant
詑|𫍟|Unihan|kSimplifiedVariant
詗|诇|Unihan|kSimplifiedVariant
誒|诶|Unihan|kSimplifiedVariant
誾|訚|Unihan|kSimplifiedVariant
諝|谞|Unihan|kSimplifiedVariant
諰|𫍰|Unihan|kSimplifiedVariant
謏|𫍲|Unihan|kSimplifiedVariant
謚|谥|Unihan|kSimplifiedVariant
譊|𫍢|Unihan|kSimplifiedVariant
譸|诪|Unihan|kSimplifiedVariant
讋|詟|Unihan|kSimplifiedVariant
讌|䜩|Unihan|kSimplifiedVariant
豶|豮|Unihan|kSimplifiedVariant
貙|䝙|Unihan|kSimplifiedVariant
貟|贠|Unihan|kSimplifiedVariant
賙|赒|Unihan|kSimplifiedVariant
賟|𧹖|Unihan|kSimplifiedVariant
賧|赕|Unihan|kSimplifiedVariant
賰|䞐|Unihan|kSimplifiedVariant
賵|赗|Unihan|kSimplifiedVariant
贃|𧹗|Unihan|kSimplifiedVariant
蹻|𫏋|Unihan|kSimplifiedVariant
躎|䟢|Unihan|kSimplifiedVariant
躝|𨅬|Unihan|kSimplifiedVariant
軉|𨉗|Unihan|kSimplifiedVariant
軏|𫐄|Unihan|kSimplifiedVariant
軗|𨐅|Unihan|kSimplifiedVariant
軨|𫐬|Unihan|kSimplifiedVariant
輄|𨐈|Unihan|kSimplifiedVariant
輗|𫐐|Unihan|kSimplifiedVariant
輮|𫐓|Unihan|kSimplifiedVariant
轣|𫐆|Unihan|kSimplifiedVariant
鄬|乡|Unihan|kSimplifiedVariant
酇|酂|Unihan|kSimplifiedVariant
釒|钅|Unihan|kSimplifiedVariant
釳|𨰿|Unihan|kSimplifiedVariant
釾|䥺|Unihan|kSimplifiedVariant
鈇|𫓧|Unihan|kSimplifiedVariant
鈬|钠|Unihan|kSimplifiedVariant
鈋|𨱂|Unihan|kSimplifiedVariant
鈒|钑|Unihan|kSimplifiedVariant
鈠|𨱁|Unihan|kSimplifiedVariant
鈯|𨱄|Unihan|kSimplifiedVariant
鈲|𨱃|Unihan|kSimplifiedVariant
鈳|钶|Unihan|kSimplifiedVariant
鉁|𨱅|Unihan|kSimplifiedVariant
鉶|铏|Unihan|kSimplifiedVariant
銛|铦|Unihan|kSimplifiedVariant
銶|𨱇|Unihan|kSimplifiedVariant
鋉|𨱈|Unihan|kSimplifiedVariant
鋩|铓|Unihan|kSimplifiedVariant
鋮|铖|Unihan|kSimplifiedVariant
鋶|锍|Unihan|kSimplifiedVariant
錂|𨱋|Unihan|kSimplifiedVariant
錏|铔|Unihan|kSimplifiedVariant
錩|锠|Unihan|kSimplifiedVariant
鍄|𨱉|Unihan|kSimplifiedVariant
鍈|锳|Unihan|kSimplifiedVariant
鍚|钖|Unihan|kSimplifiedVariant
鍮|𨱎|Unihan|kSimplifiedVariant
鎝|𨱏|Unihan|kSimplifiedVariant
鎪|锼|Unihan|kSimplifiedVariant
鎯|𨱍|Unihan|kSimplifiedVariant
鎲|镋|Unihan|kSimplifiedVariant
鎷|𨰾|Unihan|kSimplifiedVariant
鏆|𨱌|Unihan|kSimplifiedVariant
鏇|镟|Unihan|kSimplifiedVariant
鏉|𨱒|Unihan|kSimplifiedVariant
鏦|𫓩|Unihan|kSimplifiedVariant
鏺|䥽|Unihan|kSimplifiedVariant
鐄|𨱑|Unihan|kSimplifiedVariant
鐍|𫔎|Unihan|kSimplifiedVariant
鐎|𨱓|Unihan|kSimplifiedVariant
鐏|𨱔|Unihan|kSimplifiedVariant
鐥|䦅|Unihan|kSimplifiedVariant
鐯|䦃|Unihan|kSimplifiedVariant
鐶|镮|Unihan|kSimplifiedVariant
钁|镢|Unihan|kSimplifiedVariant
閆|闫|Unihan|kSimplifiedVariant
閈|闬|Unihan|kSimplifiedVariant
閍|𨸂|Unihan|kSimplifiedVariant
閐|𨸃|Unihan|kSimplifiedVariant
閫|阃|Unihan|kSimplifiedVariant
闠|阓|Unihan|kSimplifiedVariant
闤|阛|Unihan|kSimplifiedVariant
阪|坂|Unihan|kSimplifiedVariant
霢|霡|Unihan|kSimplifiedVariant
鞝|绱|Unihan|kSimplifiedVariant
鞽|鞒|Unihan|kSimplifiedVariant
頮|颒|Unihan|kSimplifiedVariant
頴|颕|Unihan|kSimplifiedVariant
顃|𩖖|Unihan|kSimplifiedVariant
颰|𩙥|Unihan|kSimplifiedVariant
颷|𩙪|Unihan|kSimplifiedVariant
颻|飖|Unihan|kSimplifiedVariant
颾|𩙫|Unihan|kSimplifiedVariant
飈|飚|Unihan|kSimplifiedVariant
飠|饣|Unihan|kSimplifiedVariant
飣|饤|Unihan|kSimplifiedVariant
飥|饦|Unihan|kSimplifiedVariant
餔|𫗦|Unihan|kSimplifiedVariant
餕|馂|Unihan|kSimplifiedVariant
餖|饾|Unihan|kSimplifiedVariant
餗|𫗧|Unihan|kSimplifiedVariant
餦|𫗠|Unihan|kSimplifiedVariant
餭|𫗮|Unihan|kSimplifiedVariant
餸|𩠌|Unihan|kSimplifiedVariant
餺|馎|Unihan|kSimplifiedVariant
饘|𫗴|Unihan|kSimplifiedVariant
馹|驲|Unihan|kSimplifiedVariant
駃|𫘝|Unihan|kSimplifiedVariant
駎|𩧨|Unihan|kSimplifiedVariant
駚|𩧫|Unihan|kSimplifiedVariant
駧|𩧲|Unihan|kSimplifiedVariant
駩|𩧴|Unihan|kSimplifiedVariant
駰|骃|Unihan|kSimplifiedVariant
駶|𩧺|Unihan|kSimplifiedVariant
駻|𫘣|Unihan|kSimplifiedVariant
騌|骔|Unihan|kSimplifiedVariant
騔|𩨀|Unihan|kSimplifiedVariant
騚|𩨊|Unihan|kSimplifiedVariant
騝|𩨃|Unihan|kSimplifiedVariant
騟|𩨈|Unihan|kSimplifiedVariant
騠|𫘨|Unihan|kSimplifiedVariant
騧|䯄|Unihan|kSimplifiedVariant
騪|𩨄|Unihan|kSimplifiedVariant
驋|𩧯|Unihan|kSimplifiedVariant
驌|骕|Unihan|kSimplifiedVariant
驦|骦|Unihan|kSimplifiedVariant
驫|骉|Unihan|kSimplifiedVariant
鬹|鬶|Unihan|kSimplifiedVariant
魟|𫚉|Unihan|kSimplifiedVariant
魥|𩽹|Unihan|kSimplifiedVariant
魺|鲄|Unihan|kSimplifiedVariant
鮄|𫚒|Unihan|kSimplifiedVariant
鮚|鲒|Unihan|kSimplifiedVariant
鮜|鲘|Unihan|kSimplifiedVariant
鮞|鲕|Unihan|kSimplifiedVariant
鮟|𩽾|Unihan|kSimplifiedVariant
鮣|䲟|Unihan|kSimplifiedVariant
鮦|鲖|Unihan|kSimplifiedVariant
鮰|𫚔|Unihan|kSimplifiedVariant
鮳|鲓|Unihan|kSimplifiedVariant
鮸|𩾃|Unihan|kSimplifiedVariant
鮺|鲝|Unihan|kSimplifiedVariant
鯄|𩾁|Unihan|kSimplifiedVariant
鯆|𫚙|Unihan|kSimplifiedVariant
鯱|𩾇|Unihan|kSimplifiedVariant
鯶|𩽼|Unihan|kSimplifiedVariant
鰂|鲗|Unihan|kSimplifiedVariant
鰆|䲠|Unihan|kSimplifiedVariant
鰬|鳇|Unihan|kSimplifiedVariant
鰌|䲡|Unihan|kSimplifiedVariant
鰜|鳒|Unihan|kSimplifiedVariant
鰠|鳋|Unihan|kSimplifiedVariant
鰤|𫚕|Unihan|kSimplifiedVariant
鰧|䲢|Unihan|kSimplifiedVariant
鰮|鳁|Unihan|kSimplifiedVariant
鰲|鳌|Unihan|kSimplifiedVariant
鰼|鳛|Unihan|kSimplifiedVariant
鱇|𩾌|Unihan|kSimplifiedVariant
鱣|鳣|Unihan|kSimplifiedVariant
鱨|鲿|Unihan|kSimplifiedVariant
鱮|𫚈|Unihan|kSimplifiedVariant
鱯|鳠|Unihan|kSimplifiedVariant
鳷|𫛛|Unihan|kSimplifiedVariant
鳼|𪉃|Unihan|kSimplifiedVariant
鳾|䴓|Unihan|kSimplifiedVariant
鴃|𫛞|Unihan|kSimplifiedVariant
鴬|鸦|Unihan|kSimplifiedVariant
鴗|𫁡|Unihan|kSimplifiedVariant
鴜|𪉈|Unihan|kSimplifiedVariant
鴲|𪉆|Unihan|kSimplifiedVariant
鴷|䴕|Unihan|kSimplifiedVariant
鵁|䴔|Unihan|kSimplifiedVariant
鵚|𪉍|Unihan|kSimplifiedVariant
鵷|鹓|Unihan|kSimplifiedVariant
鵾|鹍|Unihan|kSimplifiedVariant
鶄|䴖|Unihan|kSimplifiedVariant
鶊|鹒|Unihan|kSimplifiedVariant
鶒|𫛶|Unihan|kSimplifiedVariant
鶖|鹙|Unihan|kSimplifiedVariant
鶗|𫛸|Unihan|kSimplifiedVariant
鶡|鹖|Unihan|kSimplifiedVariant
鶪|䴗|Unihan|kSimplifiedVariant
鶬|鸧|Unihan|kSimplifiedVariant
鷁|鹢|Unihan|kSimplifiedVariant
鷈|䴘|Unihan|kSimplifiedVariant
鷔|𪉑|Unihan|kSimplifiedVariant
鷖|鹥|Unihan|kSimplifiedVariant
鷨|𪉊|Unihan|kSimplifiedVariant
鷫|鹔|Unihan|kSimplifiedVariant
鷽|鸴|Unihan|kSimplifiedVariant
鷿|䴙|Unihan|kSimplifiedVariant
鸂|㶉|Unihan|kSimplifiedVariant
鸇|鹯|Unihan|kSimplifiedVariant
鸋|𫛢|Unihan|kSimplifiedVariant
鸘|鹴|Unihan|kSimplifiedVariant
鹺|鹾|Unihan|kSimplifiedVariant
麨|𪎊|Unihan|kSimplifiedVariant
麲|𪎉|Unihan|kSimplifiedVariant
黲|黪|Unihan|kSimplifiedVariant
黶|黡|Unihan|kSimplifiedVariant
鼬|鼍|Unihan|kSimplifiedVariant
齎|赍|Unihan|kSimplifiedVariant
齗|龂|Unihan|kSimplifiedVariant
齶|腭|Unihan|kSimplifiedVariant
龎|厐|Unihan|kSimplifiedVariant
龑|䶮|Unihan|kSimplifiedVariant
龭|𩨎|Unihan|kSimplifiedVariant
龯|𨱆|Unihan|kSimplifiedVariant
𠌥|𠆿|Unihan|kSimplifiedVariant
𠏢|𠉗|Unihan|kSimplifiedVariant
𠞆|𠛆|Unihan|kSimplifiedVariant
𠠎|𠚳|Unihan|kSimplifiedVariant
𡄔|𠴢|Unihan|kSimplifiedVariant
𡄣|𠵸|Unihan|kSimplifiedVariant
𡅏|𠲥|Unihan|kSimplifiedVariant
𡑭|𡋗|Unihan|kSimplifiedVariant
𡓾|𡋀|Unihan|kSimplifiedVariant
𡞵|㛟|Unihan|kSimplifiedVariant
𡠹|㛿|Unihan|kSimplifiedVariant
𡢃|㛠|Unihan|kSimplifiedVariant
𡮉|𡭜|Unihan|kSimplifiedVariant
𡮣|𡭬|Unihan|kSimplifiedVariant
𡾱|㟜|Unihan|kSimplifiedVariant
𢣚|𢘝|Unihan|kSimplifiedVariant
𢣭|𢘞|Unihan|kSimplifiedVariant
𢶫|𢫞|Unihan|kSimplifiedVariant
𢷮|𢫊|Unihan|kSimplifiedVariant
𢹿|𢬦|Unihan|kSimplifiedVariant
𣙎|㭣|Unihan|kSimplifiedVariant
𣝕|𣘷|Unihan|kSimplifiedVariant
𣞻|𣘓|Unihan|kSimplifiedVariant
𣠲|𣑶|Unihan|kSimplifiedVariant
𣯴|𣭤|Unihan|kSimplifiedVariant
𣾷|㳢|Unihan|kSimplifiedVariant
𣿉|𣶫|Unihan|kSimplifiedVariant
𤁣|𣺽|Unihan|kSimplifiedVariant
𤒎|𤊀|Unihan|kSimplifiedVariant
𤪺|㻘|Unihan|kSimplifiedVariant
𤫩|㻏|Unihan|kSimplifiedVariant
𤳸|𤳄|Unihan|kSimplifiedVariant
𤸫|𤶧|Unihan|kSimplifiedVariant
𥌃|𥅘|Unihan|kSimplifiedVariant
𥕥|𥐰|Unihan|kSimplifiedVariant
𥖅|𥐯|Unihan|kSimplifiedVariant
𥢢|䅪|Unihan|kSimplifiedVariant
𥨐|𥧂|Unihan|kSimplifiedVariant
𥵃|𥱔|Unihan|kSimplifiedVariant
𥵊|𥭉|Unihan|kSimplifiedVariant
𥸠|𥮋|Unihan|kSimplifiedVariant
𥼽|𥹥|Unihan|kSimplifiedVariant
𥽖|𥺇|Unihan|kSimplifiedVariant
𥿊|𦈈|Unihan|kSimplifiedVariant
𦂅|𦈒|Unihan|kSimplifiedVariant
𦃄|𦈗|Unihan|kSimplifiedVariant
𦢈|𣍨|Unihan|kSimplifiedVariant
𦣎|𦟗|Unihan|kSimplifiedVariant
𦪽|𦨩|Unihan|kSimplifiedVariant
𧔥|𧒭|Unihan|kSimplifiedVariant
𧜗|䘞|Unihan|kSimplifiedVariant
𧜵|䙊|Unihan|kSimplifiedVariant
𧝞|䘛|Unihan|kSimplifiedVariant
𧩙|䜥|Unihan|kSimplifiedVariant
𧳟|𧳕|Unihan|kSimplifiedVariant
𧵳|䞌|Unihan|kSimplifiedVariant
𧶔|𧹓|Unihan|kSimplifiedVariant
𧶧|䞎|Unihan|kSimplifiedVariant
𨄣|𨀱|Unihan|kSimplifiedVariant
𨅍|𨁴|Unihan|kSimplifiedVariant
𨇁|𧿈|Unihan|kSimplifiedVariant
𨇞|𨅫|Unihan|kSimplifiedVariant
𨈊|𨂺|Unihan|kSimplifiedVariant
𨈌|𨄄|Unihan|kSimplifiedVariant
𨊰|䢀|Unihan|kSimplifiedVariant
𨊸|䢁|Unihan|kSimplifiedVariant
𨊻|𨐆|Unihan|kSimplifiedVariant
𨋢|䢂|Unihan|kSimplifiedVariant
𨎮|𨐬|Unihan|kSimplifiedVariant
𨏠|𨐇|Unihan|kSimplifiedVariant
𨏥|𨐊|Unihan|kSimplifiedVariant
𨤻|𨤰|Unihan|kSimplifiedVariant
𨥛|𨱀|Unihan|kSimplifiedVariant
𨦫|䦀|Unihan|kSimplifiedVariant
𨧜|䦁|Unihan|kSimplifiedVariant
𨧱|𨱊|Unihan|kSimplifiedVariant
𨫒|𨱐|Unihan|kSimplifiedVariant
𨮂|𨱕|Unihan|kSimplifiedVariant
𨯅|䥿|Unihan|kSimplifiedVariant
𨳑|𨸁|Unihan|kSimplifiedVariant
𨳕|𨸀|Unihan|kSimplifiedVariant
𨴗|𨸅|Unihan|kSimplifiedVariant
𨵩|𨸆|Unihan|kSimplifiedVariant
𨵸|𨸇|Unihan|kSimplifiedVariant
𨶀|𨸬|Unihan|kSimplifiedVariant
𨶏|𨸊|Unihan|kSimplifiedVariant
𨶮|𨸌|Unihan|kSimplifiedVariant
𨶲|𨸋|Unihan|kSimplifiedVariant
𨷲|𨸎|Unihan|kSimplifiedVariant
𨽏|𨸘|Unihan|kSimplifiedVariant
𩎢|𩏾|Unihan|kSimplifiedVariant
𩏪|𩏽|Unihan|kSimplifiedVariant
𩓣|𩖕|Unihan|kSimplifiedVariant
𩗀|𩙦|Unihan|kSimplifiedVariant
𩘀|𩙩|Unihan|kSimplifiedVariant
𩘝|𩙭|Unihan|kSimplifiedVariant
𩘹|𩙨|Unihan|kSimplifiedVariant
𩘺|𩙬|Unihan|kSimplifiedVariant
𩙈|𩙰|Unihan|kSimplifiedVariant
𩚛|𩟿|Unihan|kSimplifiedVariant
𩚥|𩠀|Unihan|kSimplifiedVariant
𩚵|𩠁|Unihan|kSimplifiedVariant
𩛆|𩠂|Unihan|kSimplifiedVariant
𩛩|𩠃|Unihan|kSimplifiedVariant
𩜇|𩠬|Unihan|kSimplifiedVariant
𩜦|𩠆|Unihan|kSimplifiedVariant
𩜵|𩠊|Unihan|kSimplifiedVariant
𩝔|𩠋|Unihan|kSimplifiedVariant
𩞄|𩠎|Unihan|kSimplifiedVariant
𩞦|𩠏|Unihan|kSimplifiedVariant
𩞯|䭪|Unihan|kSimplifiedVariant
𩟐|𩠅|Unihan|kSimplifiedVariant
𩠴|𩠠|Unihan|kSimplifiedVariant
𩡺|𩧦|Unihan|kSimplifiedVariant
𩢡|𩧬|Unihan|kSimplifiedVariant
𩢴|𩧵|Unihan|kSimplifiedVariant
𩢸|𩧳|Unihan|kSimplifiedVariant
𩢾|𩧮|Unihan|kSimplifiedVariant
𩣏|𩧶|Unihan|kSimplifiedVariant
𩣑|䯃|Unihan|kSimplifiedVariant
𩣺|𩧼|Unihan|kSimplifiedVariant
𩤊|𩧩|Unihan|kSimplifiedVariant
𩤙|𩨆|Unihan|kSimplifiedVariant
𩤲|𩨬|Unihan|kSimplifiedVariant
𩤸|𩨅|Unihan|kSimplifiedVariant
𩥄|𩨋|Unihan|kSimplifiedVariant
𩥇|𩨍|Unihan|kSimplifiedVariant
𩥉|𩧱|Unihan|kSimplifiedVariant
𩥑|𩨌|Unihan|kSimplifiedVariant
𩧆|𩨐|Unihan|kSimplifiedVariant
𩭙|𩬣|Unihan|kSimplifiedVariant
𩯳|𩯒|Unihan|kSimplifiedVariant
𩰀|𩬤|Unihan|kSimplifiedVariant
𩳤|𩲒|Unihan|kSimplifiedVariant
𩵩|𩽺|Unihan|kSimplifiedVariant
𩵹|𩽻|Unihan|kSimplifiedVariant
𩶘|䲞|Unihan|kSimplifiedVariant
𩶰|𩽿|Unihan|kSimplifiedVariant
𩶱|𩽽|Unihan|kSimplifiedVariant
𩷰|𩾄|Unihan|kSimplifiedVariant
𩸃|𩾅|Unihan|kSimplifiedVariant
𩸦|𩾆|Unihan|kSimplifiedVariant
𩿪|𪉄|Unihan|kSimplifiedVariant
𪀦|𪉅|Unihan|kSimplifiedVariant
𪀾|𪉋|Unihan|kSimplifiedVariant
𪁈|𪉉|Unihan|kSimplifiedVariant
𪁖|𪉌|Unihan|kSimplifiedVariant
𪂆|𪉎|Unihan|kSimplifiedVariant
𪃍|𪉐|Unihan|kSimplifiedVariant
𪃏|𪉏|Unihan|kSimplifiedVariant
𪄆|𪉔|Unihan|kSimplifiedVariant
𪄕|𪉒|Unihan|kSimplifiedVariant
𪇳|𪉕|Unihan|kSimplifiedVariant
𪋿|𪎍|Unihan|kSimplifiedVariant
𪔵|𪔭|Unihan|kSimplifiedVariant
𪘀|𪚏|Unihan|kSimplifiedVariant
𪘯|𪚐|Unihan|kSimplifiedVariant
滷|卤|Unihan|Yiliya
