Traditional,Simplified,Source
啊,啊,SayJack
阿,阿,SayJack
嗄,嗄,SayJack
艾,艾,SayJack
埃,埃,SayJack
哎,哎,SayJack
哀,哀,SayJack
挨,挨,SayJack
唉,唉,SayJack
癌,癌,SayJack
隘,隘,SayJack
矮,矮,SayJack
欸,欸,SayJack
毐,毐,SayJack
安,安,SayJack
按,按,SayJack
案,案,SayJack
鞍,鞍,SayJack
暗,暗,SayJack
岸,岸,SayJack
黯,黯,SayJack
俺,俺,SayJack
氨,氨,SayJack
庵,庵,SayJack
埯,埯,SayJack
揞,揞,SayJack
盦,盦,SayJack
桉,桉,SayJack
犴,犴,SayJack
昂,昂,SayJack
盎,盎,SayJack
熬,熬,SayJack
懊,懊,SayJack
傲,傲,SayJack
凹,凹,SayJack
拗,拗,SayJack
澳,澳,SayJack
坳,坳,SayJack
璈,璈,SayJack
嗷,嗷,SayJack
敖,敖,SayJack
鏖,鏖,SayJack
獒,獒,SayJack
聱,聱,SayJack
翱,翱,SayJack
廒,廒,SayJack
遨,遨,SayJack
鏊,鏊,SayJack
螯,螯,SayJack
把,把,SayJack
爸,爸,SayJack
扒,扒,SayJack
吧,吧,SayJack
巴,巴,SayJack
霸,霸,SayJack
八,八,SayJack
叭,叭,SayJack
芭,芭,SayJack
疤,疤,SayJack
拔,拔,SayJack
笆,笆,SayJack
跋,跋,SayJack
耙,耙,SayJack
靶,靶,SayJack
捌,捌,SayJack
魃,魃,SayJack
粑,粑,SayJack
灞,灞,SayJack
菝,菝,SayJack
柏,柏,SayJack
拜,拜,SayJack
白,白,SayJack
百,百,SayJack
稗,稗,SayJack
捭,捭,SayJack
佰,佰,SayJack
掰,掰,SayJack
板,板,SayJack
拌,拌,SayJack
版,版,SayJack
般,般,SayJack
班,班,SayJack
扮,扮,SayJack
伴,伴,SayJack
斑,斑,SayJack
半,半,SayJack
搬,搬,SayJack
瓣,瓣,SayJack
扳,扳,SayJack
舨,舨,SayJack
瘢,瘢,SayJack
坂,坂,SayJack
靽,靽,SayJack
阪,阪,SayJack
癍,癍,SayJack
傍,傍,SayJack
榜,榜,SayJack
磅,磅,SayJack
棒,棒,SayJack
邦,邦,SayJack
膀,膀,SayJack
梆,梆,SayJack
蚌,蚌,SayJack
浜,浜,SayJack
蒡,蒡,SayJack
褒,褒,SayJack
爆,爆,SayJack
堡,堡,SayJack
保,保,SayJack
胞,胞,SayJack
包,包,SayJack
抱,抱,SayJack
豹,豹,SayJack
刨,刨,SayJack
暴,暴,SayJack
苞,苞,SayJack
雹,雹,SayJack
煲,煲,SayJack
褓,褓,SayJack
趵,趵,SayJack
孢,孢,SayJack
葆,葆,SayJack
卑,卑,SayJack
碑,碑,SayJack
北,北,SayJack
被,被,SayJack
杯,杯,SayJack
悲,悲,SayJack
倍,倍,SayJack
背,背,SayJack
焙,焙,SayJack
邶,邶,SayJack
蓓,蓓,SayJack
孛,孛,SayJack
褙,褙,SayJack
碚,碚,SayJack
陂,陂,SayJack
鐾,鐾,SayJack
椑,椑,SayJack
鞴,鞴,SayJack
庳,庳,SayJack
悖,悖,SayJack
奔,奔,SayJack
笨,笨,SayJack
本,本,SayJack
坌,坌,SayJack
苯,苯,SayJack
畚,畚,SayJack
崩,崩,SayJack
蹦,蹦,SayJack
搒,搒,SayJack
甭,甭,SayJack
琫,琫,SayJack
迸,迸,SayJack
嘣,嘣,SayJack
泵,泵,SayJack
璧,璧,SayJack
敝,敝,SayJack
鄙,鄙,SayJack
臂,臂,SayJack
彼,彼,SayJack
逼,逼,SayJack
比,比,SayJack
避,避,SayJack
鼻,鼻,SayJack
弊,弊,SayJack
必,必,SayJack
庇,庇,SayJack
壁,壁,SayJack
碧,碧,SayJack
俾,俾,SayJack
蔽,蔽,SayJack
陛,陛,SayJack
荸,荸,SayJack
匕,匕,SayJack
狴,狴,SayJack
蚍,蚍,SayJack
篦,篦,SayJack
沘,沘,SayJack
箅,箅,SayJack
嬖,嬖,SayJack
裨,裨,SayJack
襞,襞,SayJack
吡,吡,SayJack
畀,畀,SayJack
婢,婢,SayJack
薜,薜,SayJack
滗,滗,SayJack
弼,弼,SayJack
睥,睥,SayJack
觱,觱,SayJack
毖,毖,SayJack
蓖,蓖,SayJack
愎,愎,SayJack
痹,痹,SayJack
妣,妣,SayJack
髀,髀,SayJack
秕,秕,SayJack
辨,辨,SayJack
匾,匾,SayJack
蝙,蝙,SayJack
遍,遍,SayJack
扁,扁,SayJack
便,便,SayJack
鞭,鞭,SayJack
卞,卞,SayJack
碥,碥,SayJack
弁,弁,SayJack
抃,抃,SayJack
褊,褊,SayJack
忭,忭,SayJack
汴,汴,SayJack
煸,煸,SayJack
砭,砭,SayJack
表,表,SayJack
彪,彪,SayJack
瀌,瀌,SayJack
瘭,瘭,SayJack
裱,裱,SayJack
婊,婊,SayJack
俵,俵,SayJack
蹩,蹩,SayJack
憋,憋,SayJack
彬,彬,SayJack
斌,斌,SayJack
玢,玢,SayJack
豳,豳,SayJack
柄,柄,SayJack
病,病,SayJack
冰,冰,SayJack
丙,丙,SayJack
兵,兵,SayJack
秉,秉,SayJack
并,并,SayJack
栟,栟,SayJack
邴,邴,SayJack
炳,炳,SayJack
摒,摒,SayJack
舶,舶,SayJack
泊,泊,SayJack
薄,薄,SayJack
博,博,SayJack
菠,菠,SayJack
跛,跛,SayJack
玻,玻,SayJack
膊,膊,SayJack
脖,脖,SayJack
勃,勃,SayJack
波,波,SayJack
搏,搏,SayJack
伯,伯,SayJack
播,播,SayJack
簸,簸,SayJack
渤,渤,SayJack
啵,啵,SayJack
礴,礴,SayJack
檗,檗,SayJack
帛,帛,SayJack
踣,踣,SayJack
亳,亳,SayJack
擘,擘,SayJack
嶓,嶓,SayJack
浡,浡,SayJack
僰,僰,SayJack
箔,箔,SayJack
卜,卜,SayJack
布,布,SayJack
捕,捕,SayJack
部,部,SayJack
步,步,SayJack
不,不,SayJack
怖,怖,SayJack
埠,埠,SayJack
簿,簿,SayJack
哺,哺,SayJack
醭,醭,SayJack
逋,逋,SayJack
卟,卟,SayJack
晡,晡,SayJack
擦,擦,SayJack
礤,礤,SayJack
嚓,嚓,SayJack
菜,菜,SayJack
睬,睬,SayJack
彩,彩,SayJack
采,采,SayJack
踩,踩,SayJack
猜,猜,SayJack
材,材,SayJack
才,才,SayJack
裁,裁,SayJack
蔡,蔡,SayJack
餐,餐,SayJack
粲,粲,SayJack
璨,璨,SayJack
藏,藏,SayJack
操,操,SayJack
槽,槽,SayJack
嘈,嘈,SayJack
草,草,SayJack
糙,糙,SayJack
曹,曹,SayJack
螬,螬,SayJack
艚,艚,SayJack
漕,漕,SayJack
策,策,SayJack
岑,岑,SayJack
涔,涔,SayJack
曾,曾,SayJack
蹭,蹭,SayJack
茶,茶,SayJack
插,插,SayJack
差,差,SayJack
察,察,SayJack
叉,叉,SayJack
查,查,SayJack
岔,岔,SayJack
碴,碴,SayJack
汊,汊,SayJack
嵖,嵖,SayJack
槎,槎,SayJack
蹅,蹅,SayJack
杈,杈,SayJack
垞,垞,SayJack
檫,檫,SayJack
衩,衩,SayJack
搽,搽,SayJack
柴,柴,SayJack
拆,拆,SayJack
豺,豺,SayJack
瘥,瘥,SayJack
茝,茝,SayJack
孱,孱,SayJack
韂,韂,SayJack
澶,澶,SayJack
瀍,瀍,SayJack
躔,躔,SayJack
廛,廛,SayJack
巉,巉,SayJack
潺,潺,SayJack
羼,羼,SayJack
蟾,蟾,SayJack
裳,裳,SayJack
常,常,SayJack
唱,唱,SayJack
昌,昌,SayJack
倡,倡,SayJack
敞,敞,SayJack
猖,猖,SayJack
惝,惝,SayJack
徜,徜,SayJack
鬯,鬯,SayJack
嫦,嫦,SayJack
娼,娼,SayJack
菖,菖,SayJack
昶,昶,SayJack
氅,氅,SayJack
巢,巢,SayJack
吵,吵,SayJack
炒,炒,SayJack
超,超,SayJack
潮,潮,SayJack
嘲,嘲,SayJack
抄,抄,SayJack
晁,晁,SayJack
耖,耖,SayJack
怊,怊,SayJack
澈,澈,SayJack
扯,扯,SayJack
掣,掣,SayJack
撤,撤,SayJack
坼,坼,SayJack
辰,辰,SayJack
忱,忱,SayJack
臣,臣,SayJack
沉,沉,SayJack
趁,趁,SayJack
晨,晨,SayJack
宸,宸,SayJack
疢,疢,SayJack
琛,琛,SayJack
瞋,瞋,SayJack
郴,郴,SayJack
承,承,SayJack
澄,澄,SayJack
城,城,SayJack
呈,呈,SayJack
逞,逞,SayJack
秤,秤,SayJack
乘,乘,SayJack
橙,橙,SayJack
程,程,SayJack
成,成,SayJack
裎,裎,SayJack
丞,丞,SayJack
酲,酲,SayJack
琤,琤,SayJack
牚,牚,SayJack
埕,埕,SayJack
塍,塍,SayJack
噌,噌,SayJack
宬,宬,SayJack
瞠,瞠,SayJack
匙,匙,SayJack
豉,豉,SayJack
斥,斥,SayJack
尺,尺,SayJack
弛,弛,SayJack
吃,吃,SayJack
赤,赤,SayJack
池,池,SayJack
侈,侈,SayJack
持,持,SayJack
痴,痴,SayJack
翅,翅,SayJack
嗤,嗤,SayJack
蚩,蚩,SayJack
瓻,瓻,SayJack
笞,笞,SayJack
墀,墀,SayJack
郗,郗,SayJack
褫,褫,SayJack
搋,搋,SayJack
螭,螭,SayJack
眙,眙,SayJack
茬,茬,SayJack
敕,敕,SayJack
魑,魑,SayJack
坻,坻,SayJack
啻,啻,SayJack
媸,媸,SayJack
眵,眵,SayJack
叱,叱,SayJack
篪,篪,SayJack
哧,哧,SayJack
踅,踅,SayJack
泜,泜,SayJack
瘛,瘛,SayJack
茌,茌,SayJack
踟,踟,SayJack
彳,彳,SayJack
崇,崇,SayJack
充,充,SayJack
憧,憧,SayJack
虫,虫,SayJack
忡,忡,SayJack
舂,舂,SayJack
愁,愁,SayJack
仇,仇,SayJack
稠,稠,SayJack
酬,酬,SayJack
丑,丑,SayJack
臭,臭,SayJack
抽,抽,SayJack
惆,惆,SayJack
瘳,瘳,SayJack
簉,簉,SayJack
杻,杻,SayJack
犨,犨,SayJack
瞅,瞅,SayJack
除,除,SayJack
初,初,SayJack
楚,楚,SayJack
出,出,SayJack
矗,矗,SayJack
畜,畜,SayJack
亍,亍,SayJack
俶,俶,SayJack
褚,褚,SayJack
黜,黜,SayJack
蜍,蜍,SayJack
怵,怵,SayJack
杵,杵,SayJack
楮,楮,SayJack
躇,躇,SayJack
憷,憷,SayJack
樗,樗,SayJack
滁,滁,SayJack
搐,搐,SayJack
揣,揣,SayJack
踹,踹,SayJack
川,川,SayJack
船,船,SayJack
串,串,SayJack
喘,喘,SayJack
穿,穿,SayJack
椽,椽,SayJack
遄,遄,SayJack
氚,氚,SayJack
舛,舛,SayJack
窗,窗,SayJack
幢,幢,SayJack
床,床,SayJack
橦,橦,SayJack
吹,吹,SayJack
垂,垂,SayJack
炊,炊,SayJack
捶,捶,SayJack
陲,陲,SayJack
棰,棰,SayJack
槌,槌,SayJack
春,春,SayJack
醇,醇,SayJack
蠢,蠢,SayJack
淳,淳,SayJack
唇,唇,SayJack
椿,椿,SayJack
戳,戳,SayJack
啜,啜,SayJack
刺,刺,SayJack
此,此,SayJack
慈,慈,SayJack
次,次,SayJack
磁,磁,SayJack
瓷,瓷,SayJack
雌,雌,SayJack
祠,祠,SayJack
糍,糍,SayJack
趑,趑,SayJack
疵,疵,SayJack
跐,跐,SayJack
茨,茨,SayJack
泚,泚,SayJack
囱,囱,SayJack
匆,匆,SayJack
葱,葱,SayJack
璁,璁,SayJack
琮,琮,SayJack
淙,淙,SayJack
腠,腠,SayJack
醋,醋,SayJack
粗,粗,SayJack
促,促,SayJack
簇,簇,SayJack
蔟,蔟,SayJack
槭,槭,SayJack
殂,殂,SayJack
蹴,蹴,SayJack
猝,猝,SayJack
蹙,蹙,SayJack
徂,徂,SayJack
篡,篡,SayJack
爨,爨,SayJack
汆,汆,SayJack
摧,摧,SayJack
悴,悴,SayJack
脆,脆,SayJack
翠,翠,SayJack
粹,粹,SayJack
催,催,SayJack
崔,崔,SayJack
啐,啐,SayJack
毳,毳,SayJack
萃,萃,SayJack
淬,淬,SayJack
瘁,瘁,SayJack
璀,璀,SayJack
村,村,SayJack
寸,寸,SayJack
存,存,SayJack
忖,忖,SayJack
皴,皴,SayJack
挫,挫,SayJack
措,措,SayJack
搓,搓,SayJack
磋,磋,SayJack
撮,撮,SayJack
脞,脞,SayJack
蹉,蹉,SayJack
厝,厝,SayJack
矬,矬,SayJack
嵯,嵯,SayJack
痤,痤,SayJack
搭,搭,SayJack
打,打,SayJack
答,答,SayJack
大,大,SayJack
瘩,瘩,SayJack
耷,耷,SayJack
靼,靼,SayJack
笪,笪,SayJack
炟,炟,SayJack
妲,妲,SayJack
褡,褡,SayJack
怛,怛,SayJack
代,代,SayJack
逮,逮,SayJack
呆,呆,SayJack
歹,歹,SayJack
戴,戴,SayJack
袋,袋,SayJack
殆,殆,SayJack
怠,怠,SayJack
待,待,SayJack
迨,迨,SayJack
岱,岱,SayJack
甙,甙,SayJack
傣,傣,SayJack
玳,玳,SayJack
呔,呔,SayJack
埭,埭,SayJack
黛,黛,SayJack
耽,耽,SayJack
旦,旦,SayJack
淡,淡,SayJack
蛋,蛋,SayJack
但,但,SayJack
丹,丹,SayJack
氮,氮,SayJack
眈,眈,SayJack
啖,啖,SayJack
疍,疍,SayJack
亶,亶,SayJack
疸,疸,SayJack
澹,澹,SayJack
聃,聃,SayJack
萏,萏,SayJack
儋,儋,SayJack
菪,菪,SayJack
宕,宕,SayJack
刀,刀,SayJack
到,到,SayJack
倒,倒,SayJack
悼,悼,SayJack
道,道,SayJack
蹈,蹈,SayJack
稻,稻,SayJack
捯,捯,SayJack
忉,忉,SayJack
氘,氘,SayJack
纛,纛,SayJack
的,的,SayJack
得,得,SayJack
德,德,SayJack
嘚,嘚,SayJack
登,登,SayJack
等,等,SayJack
瞪,瞪,SayJack
凳,凳,SayJack
蹬,蹬,SayJack
簦,簦,SayJack
嶝,嶝,SayJack
磴,磴,SayJack
戥,戥,SayJack
噔,噔,SayJack
笛,笛,SayJack
堤,堤,SayJack
迪,迪,SayJack
抵,抵,SayJack
滴,滴,SayJack
地,地,SayJack
低,低,SayJack
第,第,SayJack
帝,帝,SayJack
弟,弟,SayJack
底,底,SayJack
嫡,嫡,SayJack
嘀,嘀,SayJack
蒂,蒂,SayJack
踶,踶,SayJack
柢,柢,SayJack
菂,菂,SayJack
羝,羝,SayJack
邸,邸,SayJack
荻,荻,SayJack
骶,骶,SayJack
蹢,蹢,SayJack
砥,砥,SayJack
碲,碲,SayJack
翟,翟,SayJack
娣,娣,SayJack
睇,睇,SayJack
狄,狄,SayJack
棣,棣,SayJack
氐,氐,SayJack
嗲,嗲,SayJack
殿,殿,SayJack
惦,惦,SayJack
店,店,SayJack
典,典,SayJack
甸,甸,SayJack
碘,碘,SayJack
佃,佃,SayJack
玷,玷,SayJack
奠,奠,SayJack
坫,坫,SayJack
靛,靛,SayJack
阽,阽,SayJack
掂,掂,SayJack
踮,踮,SayJack
滇,滇,SayJack
簟,簟,SayJack
癜,癜,SayJack
凋,凋,SayJack
雕,雕,SayJack
吊,吊,SayJack
叼,叼,SayJack
掉,掉,SayJack
碉,碉,SayJack
刁,刁,SayJack
莜,莜,SayJack
貂,貂,SayJack
汈,汈,SayJack
蝶,蝶,SayJack
跌,跌,SayJack
碟,碟,SayJack
爹,爹,SayJack
喋,喋,SayJack
迭,迭,SayJack
蹀,蹀,SayJack
瓞,瓞,SayJack
垤,垤,SayJack
耋,耋,SayJack
牒,牒,SayJack
堞,堞,SayJack
叮,叮,SayJack
定,定,SayJack
盯,盯,SayJack
丁,丁,SayJack
鼎,鼎,SayJack
仃,仃,SayJack
腚,腚,SayJack
疔,疔,SayJack
啶,啶,SayJack
碇,碇,SayJack
酊,酊,SayJack
玎,玎,SayJack
咚,咚,SayJack
懂,懂,SayJack
冬,冬,SayJack
董,董,SayJack
洞,洞,SayJack
垌,垌,SayJack
氡,氡,SayJack
胴,胴,SayJack
痘,痘,SayJack
逗,逗,SayJack
抖,抖,SayJack
陡,陡,SayJack
豆,豆,SayJack
兜,兜,SayJack
蚪,蚪,SayJack
斗,斗,SayJack
篼,篼,SayJack
蔸,蔸,SayJack
度,度,SayJack
妒,妒,SayJack
堵,堵,SayJack
睹,睹,SayJack
督,督,SayJack
杜,杜,SayJack
渡,渡,SayJack
都,都,SayJack
肚,肚,SayJack
毒,毒,SayJack
髑,髑,SayJack
蠹,蠹,SayJack
碡,碡,SayJack
厾,厾,SayJack
嘟,嘟,SayJack
短,短,SayJack
段,段,SayJack
端,端,SayJack
煅,煅,SayJack
簖,簖,SayJack
椴,椴,SayJack
堆,堆,SayJack
兑,兑,SayJack
碓,碓,SayJack
憝,憝,SayJack
盾,盾,SayJack
敦,敦,SayJack
蹲,蹲,SayJack
囤,囤,SayJack
盹,盹,SayJack
惇,惇,SayJack
遁,遁,SayJack
墩,墩,SayJack
蹾,蹾,SayJack
礅,礅,SayJack
砘,砘,SayJack
沌,沌,SayJack
朵,朵,SayJack
踱,踱,SayJack
躲,躲,SayJack
多,多,SayJack
惰,惰,SayJack
舵,舵,SayJack
跺,跺,SayJack
垛,垛,SayJack
柁,柁,SayJack
掇,掇,SayJack
哚,哚,SayJack
剁,剁,SayJack
哆,哆,SayJack
裰,裰,SayJack
剟,剟,SayJack
咄,咄,SayJack
厄,厄,SayJack
哦,哦,SayJack
蛾,蛾,SayJack
愕,愕,SayJack
噩,噩,SayJack
扼,扼,SayJack
俄,俄,SayJack
遏,遏,SayJack
娥,娥,SayJack
婀,婀,SayJack
屙,屙,SayJack
莪,莪,SayJack
萼,萼,SayJack
硪,硪,SayJack
呃,呃,SayJack
腭,腭,SayJack
胺,胺,SayJack
峨,峨,SayJack
鄂,鄂,SayJack
苊,苊,SayJack
嗯,嗯,SayJack
恩,恩,SayJack
摁,摁,SayJack
蒽,蒽,SayJack
耳,耳,SayJack
而,而,SayJack
二,二,SayJack
佴,佴,SayJack
洱,洱,SayJack
珥,珥,SayJack
伐,伐,SayJack
法,法,SayJack
乏,乏,SayJack
筏,筏,SayJack
砝,砝,SayJack
垡,垡,SayJack
泛,泛,SayJack
繁,繁,SayJack
反,反,SayJack
返,返,SayJack
帆,帆,SayJack
凡,凡,SayJack
翻,翻,SayJack
番,番,SayJack
犯,犯,SayJack
范,范,SayJack
樊,樊,SayJack
蕃,蕃,SayJack
墦,墦,SayJack
藩,藩,SayJack
蘩,蘩,SayJack
梵,梵,SayJack
璠,璠,SayJack
蹯,蹯,SayJack
幡,幡,SayJack
燔,燔,SayJack
畈,畈,SayJack
方,方,SayJack
防,防,SayJack
仿,仿,SayJack
房,房,SayJack
放,放,SayJack
妨,妨,SayJack
坊,坊,SayJack
芳,芳,SayJack
肪,肪,SayJack
昉,昉,SayJack
邡,邡,SayJack
舫,舫,SayJack
枋,枋,SayJack
吠,吠,SayJack
非,非,SayJack
沸,沸,SayJack
肥,肥,SayJack
妃,妃,SayJack
匪,匪,SayJack
翡,翡,SayJack
菲,菲,SayJack
肺,肺,SayJack
啡,啡,SayJack
霏,霏,SayJack
腓,腓,SayJack
痱,痱,SayJack
狒,狒,SayJack
扉,扉,SayJack
篚,篚,SayJack
蜚,蜚,SayJack
芾,芾,SayJack
悱,悱,SayJack
淝,淝,SayJack
榧,榧,SayJack
剕,剕,SayJack
斐,斐,SayJack
粉,粉,SayJack
分,分,SayJack
吩,吩,SayJack
忿,忿,SayJack
氛,氛,SayJack
芬,芬,SayJack
焚,焚,SayJack
瀵,瀵,SayJack
汾,汾,SayJack
棼,棼,SayJack
酚,酚,SayJack
鼢,鼢,SayJack
棻,棻,SayJack
封,封,SayJack
蜂,蜂,SayJack
逢,逢,SayJack
奉,奉,SayJack
峰,峰,SayJack
俸,俸,SayJack
酆,酆,SayJack
唪,唪,SayJack
丰,丰,SayJack
葑,葑,SayJack
烽,烽,SayJack
佛,佛,SayJack
否,否,SayJack
缶,缶,SayJack
浮,浮,SayJack
服,服,SayJack
孵,孵,SayJack
伏,伏,SayJack
俘,俘,SayJack
福,福,SayJack
府,府,SayJack
副,副,SayJack
腐,腐,SayJack
咐,咐,SayJack
赴,赴,SayJack
附,附,SayJack
付,付,SayJack
富,富,SayJack
斧,斧,SayJack
俯,俯,SayJack
幅,幅,SayJack
腹,腹,SayJack
蝠,蝠,SayJack
扶,扶,SayJack
符,符,SayJack
父,父,SayJack
覆,覆,SayJack
夫,夫,SayJack
傅,傅,SayJack
敷,敷,SayJack
袱,袱,SayJack
甫,甫,SayJack
脯,脯,SayJack
拂,拂,SayJack
芙,芙,SayJack
馥,馥,SayJack
怫,怫,SayJack
蚨,蚨,SayJack
腑,腑,SayJack
釜,釜,SayJack
涪,涪,SayJack
孚,孚,SayJack
趺,趺,SayJack
艴,艴,SayJack
桴,桴,SayJack
阜,阜,SayJack
黼,黼,SayJack
幞,幞,SayJack
匐,匐,SayJack
弗,弗,SayJack
跗,跗,SayJack
簠,簠,SayJack
莩,莩,SayJack
茀,茀,SayJack
呋,呋,SayJack
洑,洑,SayJack
拊,拊,SayJack
罘,罘,SayJack
莆,莆,SayJack
祓,祓,SayJack
茯,茯,SayJack
滏,滏,SayJack
苻,苻,SayJack
菔,菔,SayJack
黻,黻,SayJack
稃,稃,SayJack
氟,氟,SayJack
蜉,蜉,SayJack
蝮,蝮,SayJack
郛,郛,SayJack
嘎,嘎,SayJack
尜,尜,SayJack
尕,尕,SayJack
尬,尬,SayJack
溉,溉,SayJack
改,改,SayJack
概,概,SayJack
丐,丐,SayJack
垓,垓,SayJack
陔,陔,SayJack
敢,敢,SayJack
橄,橄,SayJack
竿,竿,SayJack
感,感,SayJack
甘,甘,SayJack
杆,杆,SayJack
干,干,SayJack
肝,肝,SayJack
柑,柑,SayJack
疳,疳,SayJack
旰,旰,SayJack
淦,淦,SayJack
澉,澉,SayJack
玕,玕,SayJack
擀,擀,SayJack
泔,泔,SayJack
坩,坩,SayJack
苷,苷,SayJack
矸,矸,SayJack
肛,肛,SayJack
港,港,SayJack
缸,缸,SayJack
筻,筻,SayJack
罡,罡,SayJack
膏,膏,SayJack
糕,糕,SayJack
稿,稿,SayJack
告,告,SayJack
高,高,SayJack
搞,搞,SayJack
羔,羔,SayJack
篙,篙,SayJack
藁,藁,SayJack
槔,槔,SayJack
杲,杲,SayJack
郜,郜,SayJack
槁,槁,SayJack
皋,皋,SayJack
割,割,SayJack
葛,葛,SayJack
革,革,SayJack
格,格,SayJack
戈,戈,SayJack
胳,胳,SayJack
歌,歌,SayJack
哥,哥,SayJack
骼,骼,SayJack
隔,隔,SayJack
各,各,SayJack
疙,疙,SayJack
噶,噶,SayJack
咯,咯,SayJack
塥,塥,SayJack
嗝,嗝,SayJack
舸,舸,SayJack
牁,牁,SayJack
虼,虼,SayJack
膈,膈,SayJack
圪,圪,SayJack
哿,哿,SayJack
跟,跟,SayJack
根,根,SayJack
艮,艮,SayJack
茛,茛,SayJack
更,更,SayJack
耕,耕,SayJack
羹,羹,SayJack
耿,耿,SayJack
梗,梗,SayJack
埂,埂,SayJack
哽,哽,SayJack
庚,庚,SayJack
粳,粳,SayJack
工,工,SayJack
供,供,SayJack
共,共,SayJack
攻,攻,SayJack
躬,躬,SayJack
蚣,蚣,SayJack
恭,恭,SayJack
功,功,SayJack
公,公,SayJack
拱,拱,SayJack
弓,弓,SayJack
汞,汞,SayJack
珙,珙,SayJack
觥,觥,SayJack
肱,肱,SayJack
垢,垢,SayJack
勾,勾,SayJack
苟,苟,SayJack
狗,狗,SayJack
岣,岣,SayJack
骺,骺,SayJack
鞲,鞲,SayJack
媾,媾,SayJack
彀,彀,SayJack
笱,笱,SayJack
遘,遘,SayJack
篝,篝,SayJack
谷,谷,SayJack
辜,辜,SayJack
股,股,SayJack
姑,姑,SayJack
鼓,鼓,SayJack
固,固,SayJack
孤,孤,SayJack
古,古,SayJack
故,故,SayJack
估,估,SayJack
骨,骨,SayJack
咕,咕,SayJack
雇,雇,SayJack
菇,菇,SayJack
沽,沽,SayJack
罟,罟,SayJack
梏,梏,SayJack
蓇,蓇,SayJack
蛄,蛄,SayJack
牯,牯,SayJack
臌,臌,SayJack
菰,菰,SayJack
崮,崮,SayJack
汩,汩,SayJack
榖,榖,SayJack
痼,痼,SayJack
觚,觚,SayJack
嘏,嘏,SayJack
酤,酤,SayJack
呱,呱,SayJack
瞽,瞽,SayJack
箍,箍,SayJack
堌,堌,SayJack
瓜,瓜,SayJack
刮,刮,SayJack
卦,卦,SayJack
寡,寡,SayJack
褂,褂,SayJack
栝,栝,SayJack
聒,聒,SayJack
胍,胍,SayJack
挂,挂,SayJack
拐,拐,SayJack
乖,乖,SayJack
怪,怪,SayJack
夬,夬,SayJack
冠,冠,SayJack
管,管,SayJack
官,官,SayJack
灌,灌,SayJack
罐,罐,SayJack
棺,棺,SayJack
倌,倌,SayJack
琯,琯,SayJack
涫,涫,SayJack
脘,脘,SayJack
瓘,瓘,SayJack
莞,莞,SayJack
祼,祼,SayJack
盥,盥,SayJack
逛,逛,SayJack
光,光,SayJack
胱,胱,SayJack
咣,咣,SayJack
桄,桄,SayJack
跪,跪,SayJack
瑰,瑰,SayJack
鬼,鬼,SayJack
桂,桂,SayJack
傀,傀,SayJack
晷,晷,SayJack
炔,炔,SayJack
姽,姽,SayJack
簋,簋,SayJack
皈,皈,SayJack
庋,庋,SayJack
邽,邽,SayJack
圭,圭,SayJack
硅,硅,SayJack
癸,癸,SayJack
鬹,鬹,SayJack
宄,宄,SayJack
棍,棍,SayJack
磙,磙,SayJack
果,果,SayJack
裹,裹,SayJack
郭,郭,SayJack
虢,虢,SayJack
蜾,蜾,SayJack
猓,猓,SayJack
崞,崞,SayJack
馘,馘,SayJack
哈,哈,SayJack
蛤,蛤,SayJack
骸,骸,SayJack
海,海,SayJack
孩,孩,SayJack
害,害,SayJack
亥,亥,SayJack
氦,氦,SayJack
胲,胲,SayJack
醢,醢,SayJack
嗨,嗨,SayJack
酣,酣,SayJack
汗,汗,SayJack
寒,寒,SayJack
涵,涵,SayJack
撼,撼,SayJack
含,含,SayJack
鼾,鼾,SayJack
喊,喊,SayJack
函,函,SayJack
旱,旱,SayJack
憾,憾,SayJack
焊,焊,SayJack
翰,翰,SayJack
捍,捍,SayJack
悍,悍,SayJack
罕,罕,SayJack
焓,焓,SayJack
蚶,蚶,SayJack
憨,憨,SayJack
邯,邯,SayJack
邗,邗,SayJack
晗,晗,SayJack
菡,菡,SayJack
瀚,瀚,SayJack
航,航,SayJack
吭,吭,SayJack
杭,杭,SayJack
夯,夯,SayJack
酐,酐,SayJack
沆,沆,SayJack
浩,浩,SayJack
好,好,SayJack
豪,豪,SayJack
毫,毫,SayJack
耗,耗,SayJack
蒿,蒿,SayJack
嚎,嚎,SayJack
壕,壕,SayJack
淏,淏,SayJack
嗥,嗥,SayJack
濠,濠,SayJack
昊,昊,SayJack
皓,皓,SayJack
郝,郝,SayJack
薅,薅,SayJack
嚆,嚆,SayJack
呵,呵,SayJack
盒,盒,SayJack
核,核,SayJack
河,河,SayJack
荷,荷,SayJack
喝,喝,SayJack
何,何,SayJack
合,合,SayJack
和,和,SayJack
禾,禾,SayJack
褐,褐,SayJack
赫,赫,SayJack
劾,劾,SayJack
涸,涸,SayJack
翯,翯,SayJack
蚵,蚵,SayJack
鞨,鞨,SayJack
耠,耠,SayJack
壑,壑,SayJack
貉,貉,SayJack
曷,曷,SayJack
翮,翮,SayJack
盍,盍,SayJack
嗬,嗬,SayJack
菏,菏,SayJack
盉,盉,SayJack
嘿,嘿,SayJack
黑,黑,SayJack
痕,痕,SayJack
恨,恨,SayJack
很,很,SayJack
狠,狠,SayJack
哏,哏,SayJack
亨,亨,SayJack
衡,衡,SayJack
哼,哼,SayJack
珩,珩,SayJack
桁,桁,SayJack
蘅,蘅,SayJack
恒,恒,SayJack
弘,弘,SayJack
宏,宏,SayJack
烘,烘,SayJack
虹,虹,SayJack
洪,洪,SayJack
哄,哄,SayJack
蕻,蕻,SayJack
竑,竑,SayJack
薨,薨,SayJack
泓,泓,SayJack
葓,葓,SayJack
訇,訇,SayJack
后,后,SayJack
喉,喉,SayJack
厚,厚,SayJack
猴,猴,SayJack
吼,吼,SayJack
侯,侯,SayJack
候,候,SayJack
逅,逅,SayJack
齁,齁,SayJack
郈,郈,SayJack
瘊,瘊,SayJack
篌,篌,SayJack
堠,堠,SayJack
户,户,SayJack
葫,葫,SayJack
忽,忽,SayJack
弧,弧,SayJack
虎,虎,SayJack
互,互,SayJack
惚,惚,SayJack
乎,乎,SayJack
蝴,蝴,SayJack
瑚,瑚,SayJack
糊,糊,SayJack
胡,胡,SayJack
呼,呼,SayJack
狐,狐,SayJack
湖,湖,SayJack
唬,唬,SayJack
猢,猢,SayJack
怙,怙,SayJack
觳,觳,SayJack
唿,唿,SayJack
祜,祜,SayJack
笏,笏,SayJack
瓠,瓠,SayJack
醐,醐,SayJack
扈,扈,SayJack
岵,岵,SayJack
烀,烀,SayJack
戽,戽,SayJack
斛,斛,SayJack
槲,槲,SayJack
滹,滹,SayJack
琥,琥,SayJack
囫,囫,SayJack
煳,煳,SayJack
划,划,SayJack
化,化,SayJack
滑,滑,SayJack
猾,猾,SayJack
花,花,SayJack
徊,徊,SayJack
槐,槐,SayJack
坏,坏,SayJack
淮,淮,SayJack
踝,踝,SayJack
孬,孬,SayJack
耲,耲,SayJack
患,患,SayJack
幻,幻,SayJack
宦,宦,SayJack
澴,澴,SayJack
鬟,鬟,SayJack
洹,洹,SayJack
萑,萑,SayJack
垸,垸,SayJack
逭,逭,SayJack
漶,漶,SayJack
寰,寰,SayJack
桓,桓,SayJack
豢,豢,SayJack
擐,擐,SayJack
獾,獾,SayJack
煌,煌,SayJack
皇,皇,SayJack
惶,惶,SayJack
凰,凰,SayJack
恍,恍,SayJack
慌,慌,SayJack
晃,晃,SayJack
荒,荒,SayJack
蝗,蝗,SayJack
幌,幌,SayJack
遑,遑,SayJack
喤,喤,SayJack
隍,隍,SayJack
簧,簧,SayJack
蟥,蟥,SayJack
徨,徨,SayJack
潢,潢,SayJack
篁,篁,SayJack
湟,湟,SayJack
磺,磺,SayJack
璜,璜,SayJack
肓,肓,SayJack
塃,塃,SayJack
癀,癀,SayJack
慧,慧,SayJack
彗,彗,SayJack
徽,徽,SayJack
惠,惠,SayJack
回,回,SayJack
灰,灰,SayJack
卉,卉,SayJack
悔,悔,SayJack
恢,恢,SayJack
晦,晦,SayJack
蛔,蛔,SayJack
茴,茴,SayJack
隳,隳,SayJack
喙,喙,SayJack
蟪,蟪,SayJack
蝰,蝰,SayJack
恚,恚,SayJack
咴,咴,SayJack
麾,麾,SayJack
蕙,蕙,SayJack
洄,洄,SayJack
虺,虺,SayJack
混,混,SayJack
婚,婚,SayJack
魂,魂,SayJack
昏,昏,SayJack
溷,溷,SayJack
火,火,SayJack
惑,惑,SayJack
伙,伙,SayJack
或,或,SayJack
活,活,SayJack
霍,霍,SayJack
豁,豁,SayJack
嚯,嚯,SayJack
劐,劐,SayJack
砉,砉,SayJack
藿,藿,SayJack
蠖,蠖,SayJack
攉,攉,SayJack
嚄,嚄,SayJack
祭,祭,SayJack
己,己,SayJack
寂,寂,SayJack
畸,畸,SayJack
既,既,SayJack
忌,忌,SayJack
集,集,SayJack
技,技,SayJack
肌,肌,SayJack
寄,寄,SayJack
季,季,SayJack
即,即,SayJack
疾,疾,SayJack
脊,脊,SayJack
嫉,嫉,SayJack
稽,稽,SayJack
籍,籍,SayJack
急,急,SayJack
基,基,SayJack
圾,圾,SayJack
激,激,SayJack
吉,吉,SayJack
及,及,SayJack
唧,唧,SayJack
几,几,SayJack
冀,冀,SayJack
箕,箕,SayJack
妓,妓,SayJack
棘,棘,SayJack
嵴,嵴,SayJack
蕺,蕺,SayJack
墼,墼,SayJack
楫,楫,SayJack
亟,亟,SayJack
檵,檵,SayJack
屐,屐,SayJack
笈,笈,SayJack
跽,跽,SayJack
罽,罽,SayJack
悸,悸,SayJack
芨,芨,SayJack
穄,穄,SayJack
佶,佶,SayJack
伎,伎,SayJack
姞,姞,SayJack
咭,咭,SayJack
麂,麂,SayJack
姬,姬,SayJack
洎,洎,SayJack
戟,戟,SayJack
瘠,瘠,SayJack
岌,岌,SayJack
稷,稷,SayJack
塈,塈,SayJack
暨,暨,SayJack
戢,戢,SayJack
蹐,蹐,SayJack
汲,汲,SayJack
畿,畿,SayJack
乩,乩,SayJack
髻,髻,SayJack
嵇,嵇,SayJack
垍,垍,SayJack
伋,伋,SayJack
笄,笄,SayJack
犄,犄,SayJack
掎,掎,SayJack
殛,殛,SayJack
剞,剞,SayJack
蒺,蒺,SayJack
芰,芰,SayJack
甲,甲,SayJack
稼,稼,SayJack
家,家,SayJack
嫁,嫁,SayJack
佳,佳,SayJack
加,加,SayJack
假,假,SayJack
嘉,嘉,SayJack
架,架,SayJack
斝,斝,SayJack
胛,胛,SayJack
枷,枷,SayJack
袈,袈,SayJack
跏,跏,SayJack
珈,珈,SayJack
迦,迦,SayJack
葭,葭,SayJack
恝,恝,SayJack
岬,岬,SayJack
笳,笳,SayJack
戛,戛,SayJack
痂,痂,SayJack
建,建,SayJack
煎,煎,SayJack
毽,毽,SayJack
健,健,SayJack
箭,箭,SayJack
剪,剪,SayJack
兼,兼,SayJack
奸,奸,SayJack
件,件,SayJack
尖,尖,SayJack
肩,肩,SayJack
荐,荐,SayJack
柬,柬,SayJack
牮,牮,SayJack
趼,趼,SayJack
踺,踺,SayJack
湔,湔,SayJack
楗,楗,SayJack
謇,謇,SayJack
囝,囝,SayJack
犍,犍,SayJack
僭,僭,SayJack
翦,翦,SayJack
腱,腱,SayJack
搛,搛,SayJack
菅,菅,SayJack
蹇,蹇,SayJack
蒹,蒹,SayJack
疆,疆,SayJack
江,江,SayJack
匠,匠,SayJack
僵,僵,SayJack
降,降,SayJack
姜,姜,SayJack
茳,茳,SayJack
豇,豇,SayJack
耩,耩,SayJack
膙,膙,SayJack
糨,糨,SayJack
洚,洚,SayJack
礓,礓,SayJack
犟,犟,SayJack
襁,襁,SayJack
皎,皎,SayJack
叫,叫,SayJack
角,角,SayJack
教,教,SayJack
狡,狡,SayJack
郊,郊,SayJack
交,交,SayJack
嚼,嚼,SayJack
焦,焦,SayJack
蕉,蕉,SayJack
酵,酵,SayJack
礁,礁,SayJack
椒,椒,SayJack
剿,剿,SayJack
窖,窖,SayJack
峧,峧,SayJack
徼,徼,SayJack
噍,噍,SayJack
湫,湫,SayJack
蛟,蛟,SayJack
姣,姣,SayJack
敫,敫,SayJack
茭,茭,SayJack
佼,佼,SayJack
跤,跤,SayJack
僬,僬,SayJack
醮,醮,SayJack
滘,滘,SayJack
戒,戒,SayJack
借,借,SayJack
皆,皆,SayJack
姐,姐,SayJack
街,街,SayJack
截,截,SayJack
劫,劫,SayJack
解,解,SayJack
接,接,SayJack
桔,桔,SayJack
竭,竭,SayJack
介,介,SayJack
界,界,SayJack
揭,揭,SayJack
捷,捷,SayJack
杰,杰,SayJack
芥,芥,SayJack
睫,睫,SayJack
拮,拮,SayJack
湝,湝,SayJack
婕,婕,SayJack
喈,喈,SayJack
葜,葜,SayJack
孑,孑,SayJack
偈,偈,SayJack
鎅,鎅,SayJack
嗟,嗟,SayJack
蚧,蚧,SayJack
玠,玠,SayJack
碣,碣,SayJack
桀,桀,SayJack
羯,羯,SayJack
秸,秸,SayJack
疥,疥,SayJack
金,金,SayJack
禁,禁,SayJack
浸,浸,SayJack
今,今,SayJack
近,近,SayJack
筋,筋,SayJack
襟,襟,SayJack
津,津,SayJack
巾,巾,SayJack
斤,斤,SayJack
堇,堇,SayJack
瑾,瑾,SayJack
卺,卺,SayJack
祲,祲,SayJack
殣,殣,SayJack
噤,噤,SayJack
浕,浕,SayJack
妗,妗,SayJack
槿,槿,SayJack
衿,衿,SayJack
矜,矜,SayJack
靳,靳,SayJack
敬,敬,SayJack
景,景,SayJack
京,京,SayJack
晶,晶,SayJack
憬,憬,SayJack
阱,阱,SayJack
竟,竟,SayJack
警,警,SayJack
睛,睛,SayJack
井,井,SayJack
精,精,SayJack
境,境,SayJack
靖,靖,SayJack
兢,兢,SayJack
璟,璟,SayJack
鼱,鼱,SayJack
獍,獍,SayJack
猄,猄,SayJack
箐,箐,SayJack
肼,肼,SayJack
菁,菁,SayJack
旌,旌,SayJack
儆,儆,SayJack
腈,腈,SayJack
婧,婧,SayJack
倞,倞,SayJack
窘,窘,SayJack
炯,炯,SayJack
垧,垧,SayJack
扃,扃,SayJack
炅,炅,SayJack
迥,迥,SayJack
舅,舅,SayJack
赳,赳,SayJack
灸,灸,SayJack
酒,酒,SayJack
究,究,SayJack
救,救,SayJack
九,九,SayJack
就,就,SayJack
玖,玖,SayJack
久,久,SayJack
臼,臼,SayJack
揪,揪,SayJack
韭,韭,SayJack
疚,疚,SayJack
僦,僦,SayJack
啾,啾,SayJack
柩,柩,SayJack
鬏,鬏,SayJack
桕,桕,SayJack
咎,咎,SayJack
居,居,SayJack
拘,拘,SayJack
局,局,SayJack
具,具,SayJack
聚,聚,SayJack
句,句,SayJack
咀,咀,SayJack
拒,拒,SayJack
矩,矩,SayJack
鞠,鞠,SayJack
巨,巨,SayJack
菊,菊,SayJack
炬,炬,SayJack
距,距,SayJack
橘,橘,SayJack
沮,沮,SayJack
腒,腒,SayJack
琚,琚,SayJack
趄,趄,SayJack
犋,犋,SayJack
据,据,SayJack
焗,焗,SayJack
遽,遽,SayJack
醵,醵,SayJack
椐,椐,SayJack
狙,狙,SayJack
鞫,鞫,SayJack
裾,裾,SayJack
倨,倨,SayJack
踽,踽,SayJack
枸,枸,SayJack
蒟,蒟,SayJack
瞿,瞿,SayJack
疽,疽,SayJack
雎,雎,SayJack
苣,苣,SayJack
泃,泃,SayJack
莒,莒,SayJack
掬,掬,SayJack
苴,苴,SayJack
菹,菹,SayJack
踞,踞,SayJack
倦,倦,SayJack
捐,捐,SayJack
卷,卷,SayJack
眷,眷,SayJack
桊,桊,SayJack
蠲,蠲,SayJack
狷,狷,SayJack
涓,涓,SayJack
娟,娟,SayJack
鄄,鄄,SayJack
倔,倔,SayJack
掘,掘,SayJack
爵,爵,SayJack
崛,崛,SayJack
獗,獗,SayJack
觖,觖,SayJack
撅,撅,SayJack
劂,劂,SayJack
蕨,蕨,SayJack
蹶,蹶,SayJack
噱,噱,SayJack
蠼,蠼,SayJack
橛,橛,SayJack
厥,厥,SayJack
爝,爝,SayJack
潏,潏,SayJack
矍,矍,SayJack
桷,桷,SayJack
玦,玦,SayJack
孓,孓,SayJack
抉,抉,SayJack
攫,攫,SayJack
菌,菌,SayJack
竣,竣,SayJack
君,君,SayJack
郡,郡,SayJack
均,均,SayJack
峻,峻,SayJack
俊,俊,SayJack
焌,焌,SayJack
浚,浚,SayJack
睃,睃,SayJack
捃,捃,SayJack
畯,畯,SayJack
麇,麇,SayJack
莙,莙,SayJack
咖,咖,SayJack
髂,髂,SayJack
喀,喀,SayJack
咔,咔,SayJack
胩,胩,SayJack
慨,慨,SayJack
揩,揩,SayJack
楷,楷,SayJack
蒈,蒈,SayJack
瞰,瞰,SayJack
看,看,SayJack
刊,刊,SayJack
堪,堪,SayJack
砍,砍,SayJack
坎,坎,SayJack
勘,勘,SayJack
戡,戡,SayJack
墈,墈,SayJack
崁,崁,SayJack
莰,莰,SayJack
侃,侃,SayJack
扛,扛,SayJack
康,康,SayJack
慷,慷,SayJack
抗,抗,SayJack
炕,炕,SayJack
糠,糠,SayJack
伉,伉,SayJack
亢,亢,SayJack
靠,靠,SayJack
烤,烤,SayJack
考,考,SayJack
拷,拷,SayJack
尻,尻,SayJack
犒,犒,SayJack
栲,栲,SayJack
渴,渴,SayJack
客,客,SayJack
克,克,SayJack
科,科,SayJack
棵,棵,SayJack
刻,刻,SayJack
苛,苛,SayJack
咳,咳,SayJack
瞌,瞌,SayJack
可,可,SayJack
蝌,蝌,SayJack
坷,坷,SayJack
磕,磕,SayJack
窠,窠,SayJack
髁,髁,SayJack
珂,珂,SayJack
柯,柯,SayJack
疴,疴,SayJack
嗑,嗑,SayJack
溘,溘,SayJack
稞,稞,SayJack
岢,岢,SayJack
恪,恪,SayJack
氪,氪,SayJack
啃,啃,SayJack
肯,肯,SayJack
裉,裉,SayJack
坑,坑,SayJack
孔,孔,SayJack
恐,恐,SayJack
空,空,SayJack
控,控,SayJack
箜,箜,SayJack
崆,崆,SayJack
倥,倥,SayJack
口,口,SayJack
扣,扣,SayJack
寇,寇,SayJack
佝,佝,SayJack
筘,筘,SayJack
蔻,蔻,SayJack
叩,叩,SayJack
哭,哭,SayJack
酷,酷,SayJack
苦,苦,SayJack
枯,枯,SayJack
窟,窟,SayJack
骷,骷,SayJack
矻,矻,SayJack
挎,挎,SayJack
刳,刳,SayJack
垮,垮,SayJack
跨,跨,SayJack
夸,夸,SayJack
胯,胯,SayJack
侉,侉,SayJack
快,快,SayJack
筷,筷,SayJack
蒯,蒯,SayJack
款,款,SayJack
筐,筐,SayJack
狂,狂,SayJack
框,框,SayJack
眶,眶,SayJack
哐,哐,SayJack
匡,匡,SayJack
夼,夼,SayJack
愧,愧,SayJack
葵,葵,SayJack
魁,魁,SayJack
盔,盔,SayJack
揆,揆,SayJack
喹,喹,SayJack
奎,奎,SayJack
悝,悝,SayJack
馗,馗,SayJack
睽,睽,SayJack
跬,跬,SayJack
暌,暌,SayJack
喟,喟,SayJack
逵,逵,SayJack
夔,夔,SayJack
昆,昆,SayJack
捆,捆,SayJack
困,困,SayJack
坤,坤,SayJack
髡,髡,SayJack
悃,悃,SayJack
琨,琨,SayJack
醌,醌,SayJack
焜,焜,SayJack
括,括,SayJack
廓,廓,SayJack
蛞,蛞,SayJack
垃,垃,SayJack
喇,喇,SayJack
辣,辣,SayJack
拉,拉,SayJack
啦,啦,SayJack
瘌,瘌,SayJack
邋,邋,SayJack
剌,剌,SayJack
鞡,鞡,SayJack
婪,婪,SayJack
啉,啉,SayJack
漤,漤,SayJack
螂,螂,SayJack
郎,郎,SayJack
朗,朗,SayJack
狼,狼,SayJack
廊,廊,SayJack
浪,浪,SayJack
琅,琅,SayJack
榔,榔,SayJack
烺,烺,SayJack
稂,稂,SayJack
莨,莨,SayJack
蒗,蒗,SayJack
啷,啷,SayJack
踉,踉,SayJack
佬,佬,SayJack
牢,牢,SayJack
潦,潦,SayJack
酪,酪,SayJack
老,老,SayJack
耢,耢,SayJack
醪,醪,SayJack
栳,栳,SayJack
嫪,嫪,SayJack
了,了,SayJack
勒,勒,SayJack
叻,叻,SayJack
捋,捋,SayJack
仂,仂,SayJack
泐,泐,SayJack
擂,擂,SayJack
蕾,蕾,SayJack
雷,雷,SayJack
累,累,SayJack
儡,儡,SayJack
肋,肋,SayJack
嫘,嫘,SayJack
羸,羸,SayJack
檑,檑,SayJack
埒,埒,SayJack
磊,磊,SayJack
嘞,嘞,SayJack
酹,酹,SayJack
礌,礌,SayJack
耒,耒,SayJack
冷,冷,SayJack
愣,愣,SayJack
楞,楞,SayJack
塄,塄,SayJack
立,立,SayJack
黎,黎,SayJack
例,例,SayJack
罹,罹,SayJack
哩,哩,SayJack
荔,荔,SayJack
狸,狸,SayJack
利,利,SayJack
璃,璃,SayJack
俐,俐,SayJack
力,力,SayJack
理,理,SayJack
里,里,SayJack
粒,粒,SayJack
喱,喱,SayJack
梨,梨,SayJack
李,李,SayJack
吏,吏,SayJack
漓,漓,SayJack
犁,犁,SayJack
痢,痢,SayJack
厘,厘,SayJack
莉,莉,SayJack
栗,栗,SayJack
澧,澧,SayJack
藜,藜,SayJack
傈,傈,SayJack
蜊,蜊,SayJack
戾,戾,SayJack
篥,篥,SayJack
詈,詈,SayJack
鬲,鬲,SayJack
笠,笠,SayJack
俚,俚,SayJack
蠡,蠡,SayJack
猁,猁,SayJack
唳,唳,SayJack
溧,溧,SayJack
娌,娌,SayJack
嫠,嫠,SayJack
黧,黧,SayJack
醴,醴,SayJack
廉,廉,SayJack
帘,帘,SayJack
楝,楝,SayJack
蠊,蠊,SayJack
臁,臁,SayJack
膦,膦,SayJack
濂,濂,SayJack
良,良,SayJack
亮,亮,SayJack
量,量,SayJack
粱,粱,SayJack
梁,梁,SayJack
椋,椋,SayJack
悢,悢,SayJack
晾,晾,SayJack
料,料,SayJack
聊,聊,SayJack
嘹,嘹,SayJack
燎,燎,SayJack
寥,寥,SayJack
僚,僚,SayJack
撩,撩,SayJack
暸,暸,SayJack
撂,撂,SayJack
廖,廖,SayJack
蹽,蹽,SayJack
獠,獠,SayJack
尥,尥,SayJack
寮,寮,SayJack
蓼,蓼,SayJack
劣,劣,SayJack
烈,烈,SayJack
列,列,SayJack
裂,裂,SayJack
捩,捩,SayJack
咧,咧,SayJack
洌,洌,SayJack
鬣,鬣,SayJack
冽,冽,SayJack
趔,趔,SayJack
躐,躐,SayJack
吝,吝,SayJack
淋,淋,SayJack
林,林,SayJack
琳,琳,SayJack
磷,磷,SayJack
遴,遴,SayJack
璘,璘,SayJack
瞵,瞵,SayJack
粼,粼,SayJack
嶙,嶙,SayJack
麟,麟,SayJack
霖,霖,SayJack
陵,陵,SayJack
令,令,SayJack
伶,伶,SayJack
零,零,SayJack
菱,菱,SayJack
拎,拎,SayJack
凌,凌,SayJack
另,另,SayJack
聆,聆,SayJack
玲,玲,SayJack
翎,翎,SayJack
呤,呤,SayJack
羚,羚,SayJack
苓,苓,SayJack
柃,柃,SayJack
瓴,瓴,SayJack
泠,泠,SayJack
酃,酃,SayJack
蛉,蛉,SayJack
囹,囹,SayJack
祾,祾,SayJack
留,留,SayJack
榴,榴,SayJack
瘤,瘤,SayJack
流,流,SayJack
六,六,SayJack
柳,柳,SayJack
溜,溜,SayJack
硫,硫,SayJack
琉,琉,SayJack
鎏,鎏,SayJack
旒,旒,SayJack
遛,遛,SayJack
骝,骝,SayJack
熘,熘,SayJack
蹓,蹓,SayJack
隆,隆,SayJack
窿,窿,SayJack
癃,癃,SayJack
陋,陋,SayJack
漏,漏,SayJack
剅,剅,SayJack
鹿,鹿,SayJack
露,露,SayJack
路,路,SayJack
麓,麓,SayJack
碌,碌,SayJack
簏,簏,SayJack
逯,逯,SayJack
戮,戮,SayJack
僇,僇,SayJack
璐,璐,SayJack
甪,甪,SayJack
漉,漉,SayJack
潞,潞,SayJack
卵,卵,SayJack
洛,洛,SayJack
裸,裸,SayJack
螺,螺,SayJack
落,落,SayJack
烙,烙,SayJack
摞,摞,SayJack
瘰,瘰,SayJack
雒,雒,SayJack
蠃,蠃,SayJack
硌,硌,SayJack
袼,袼,SayJack
珞,珞,SayJack
旅,旅,SayJack
履,履,SayJack
律,律,SayJack
率,率,SayJack
氯,氯,SayJack
膂,膂,SayJack
稆,稆,SayJack
掠,掠,SayJack
略,略,SayJack
嘛,嘛,SayJack
麻,麻,SayJack
蟆,蟆,SayJack
埋,埋,SayJack
霾,霾,SayJack
漫,漫,SayJack
慢,慢,SayJack
蔓,蔓,SayJack
曼,曼,SayJack
幔,幔,SayJack
嫚,嫚,SayJack
墁,墁,SayJack
忙,忙,SayJack
氓,氓,SayJack
芒,芒,SayJack
盲,盲,SayJack
莽,莽,SayJack
茫,茫,SayJack
蟒,蟒,SayJack
邙,邙,SayJack
硭,硭,SayJack
漭,漭,SayJack
杧,杧,SayJack
毛,毛,SayJack
茅,茅,SayJack
茂,茂,SayJack
貌,貌,SayJack
冒,冒,SayJack
帽,帽,SayJack
矛,矛,SayJack
髦,髦,SayJack
昴,昴,SayJack
旄,旄,SayJack
泖,泖,SayJack
耄,耄,SayJack
芼,芼,SayJack
茆,茆,SayJack
眊,眊,SayJack
卯,卯,SayJack
蟊,蟊,SayJack
峁,峁,SayJack
瞀,瞀,SayJack
袤,袤,SayJack
瑁,瑁,SayJack
懋,懋,SayJack
蝥,蝥,SayJack
霉,霉,SayJack
美,美,SayJack
枚,枚,SayJack
眉,眉,SayJack
莓,莓,SayJack
媒,媒,SayJack
每,每,SayJack
妹,妹,SayJack
魅,魅,SayJack
煤,煤,SayJack
媚,媚,SayJack
梅,梅,SayJack
玫,玫,SayJack
昧,昧,SayJack
郿,郿,SayJack
浼,浼,SayJack
寐,寐,SayJack
湄,湄,SayJack
猸,猸,SayJack
嵋,嵋,SayJack
袂,袂,SayJack
酶,酶,SayJack
楣,楣,SayJack
萌,萌,SayJack
朦,朦,SayJack
蒙,蒙,SayJack
盟,盟,SayJack
檬,檬,SayJack
猛,猛,SayJack
孟,孟,SayJack
礞,礞,SayJack
獴,獴,SayJack
甍,甍,SayJack
艨,艨,SayJack
勐,勐,SayJack
瞢,瞢,SayJack
蜢,蜢,SayJack
艋,艋,SayJack
虻,虻,SayJack
懵,懵,SayJack
幪,幪,SayJack
蠓,蠓,SayJack
咪,咪,SayJack
蜜,蜜,SayJack
迷,迷,SayJack
密,密,SayJack
泌,泌,SayJack
米,米,SayJack
糜,糜,SayJack
靡,靡,SayJack
醾,醾,SayJack
蘼,蘼,SayJack
嘧,嘧,SayJack
秘,秘,SayJack
麋,麋,SayJack
洣,洣,SayJack
汨,汨,SayJack
縻,縻,SayJack
脒,脒,SayJack
醚,醚,SayJack
弭,弭,SayJack
敉,敉,SayJack
祢,祢,SayJack
宓,宓,SayJack
冕,冕,SayJack
棉,棉,SayJack
勉,勉,SayJack
免,免,SayJack
眠,眠,SayJack
面,面,SayJack
娩,娩,SayJack
沔,沔,SayJack
眄,眄,SayJack
湎,湎,SayJack
瞄,瞄,SayJack
妙,妙,SayJack
描,描,SayJack
苗,苗,SayJack
秒,秒,SayJack
渺,渺,SayJack
藐,藐,SayJack
喵,喵,SayJack
邈,邈,SayJack
眇,眇,SayJack
杪,杪,SayJack
蔑,蔑,SayJack
乜,乜,SayJack
篾,篾,SayJack
咩,咩,SayJack
民,民,SayJack
敏,敏,SayJack
皿,皿,SayJack
旻,旻,SayJack
泯,泯,SayJack
苠,苠,SayJack
玟,玟,SayJack
抿,抿,SayJack
岷,岷,SayJack
命,命,SayJack
名,名,SayJack
明,明,SayJack
螟,螟,SayJack
冥,冥,SayJack
溟,溟,SayJack
蓂,蓂,SayJack
暝,暝,SayJack
茗,茗,SayJack
洺,洺,SayJack
瞑,瞑,SayJack
酩,酩,SayJack
墨,墨,SayJack
摩,摩,SayJack
沫,沫,SayJack
魔,魔,SayJack
抹,抹,SayJack
默,默,SayJack
莫,莫,SayJack
膜,膜,SayJack
模,模,SayJack
末,末,SayJack
寞,寞,SayJack
摸,摸,SayJack
漠,漠,SayJack
陌,陌,SayJack
磨,磨,SayJack
蘑,蘑,SayJack
茉,茉,SayJack
摹,摹,SayJack
靺,靺,SayJack
耱,耱,SayJack
嫫,嫫,SayJack
礳,礳,SayJack
瘼,瘼,SayJack
貊,貊,SayJack
貘,貘,SayJack
秣,秣,SayJack
某,某,SayJack
哞,哞,SayJack
眸,眸,SayJack
蛑,蛑,SayJack
牟,牟,SayJack
侔,侔,SayJack
鍪,鍪,SayJack
牧,牧,SayJack
姆,姆,SayJack
牡,牡,SayJack
木,木,SayJack
睦,睦,SayJack
墓,墓,SayJack
母,母,SayJack
慕,慕,SayJack
拇,拇,SayJack
姥,姥,SayJack
幕,幕,SayJack
募,募,SayJack
暮,暮,SayJack
沐,沐,SayJack
目,目,SayJack
穆,穆,SayJack
苜,苜,SayJack
毪,毪,SayJack
仫,仫,SayJack
那,那,SayJack
哪,哪,SayJack
拿,拿,SayJack
捺,捺,SayJack
衲,衲,SayJack
肭,肭,SayJack
耐,耐,SayJack
乃,乃,SayJack
奈,奈,SayJack
奶,奶,SayJack
萘,萘,SayJack
艿,艿,SayJack
鼐,鼐,SayJack
氖,氖,SayJack
柰,柰,SayJack
男,男,SayJack
喃,喃,SayJack
南,南,SayJack
罱,罱,SayJack
赧,赧,SayJack
楠,楠,SayJack
蝻,蝻,SayJack
腩,腩,SayJack
囡,囡,SayJack
囊,囊,SayJack
曩,曩,SayJack
攮,攮,SayJack
囔,囔,SayJack
齉,齉,SayJack
呶,呶,SayJack
硇,硇,SayJack
瑙,瑙,SayJack
猱,猱,SayJack
淖,淖,SayJack
嫩,嫩,SayJack
能,能,SayJack
逆,逆,SayJack
泥,泥,SayJack
霓,霓,SayJack
你,你,SayJack
呢,呢,SayJack
溺,溺,SayJack
尼,尼,SayJack
匿,匿,SayJack
坭,坭,SayJack
睨,睨,SayJack
猊,猊,SayJack
妮,妮,SayJack
倪,倪,SayJack
旎,旎,SayJack
怩,怩,SayJack
年,年,SayJack
黏,黏,SayJack
念,念,SayJack
碾,碾,SayJack
捻,捻,SayJack
粘,粘,SayJack
埝,埝,SayJack
廿,廿,SayJack
拈,拈,SayJack
娘,娘,SayJack
尿,尿,SayJack
脲,脲,SayJack
捏,捏,SayJack
孽,孽,SayJack
臬,臬,SayJack
涅,涅,SayJack
您,您,SayJack
凝,凝,SayJack
佞,佞,SayJack
牛,牛,SayJack
扭,扭,SayJack
妞,妞,SayJack
狃,狃,SayJack
忸,忸,SayJack
弄,弄,SayJack
耨,耨,SayJack
奴,奴,SayJack
努,努,SayJack
怒,怒,SayJack
胬,胬,SayJack
弩,弩,SayJack
孥,孥,SayJack
砮,砮,SayJack
暖,暖,SayJack
糯,糯,SayJack
挪,挪,SayJack
懦,懦,SayJack
娜,娜,SayJack
搦,搦,SayJack
砹,砹,SayJack
女,女,SayJack
衄,衄,SayJack
恧,恧,SayJack
虐,虐,SayJack
噢,噢,SayJack
喔,喔,SayJack
偶,偶,SayJack
藕,藕,SayJack
眍,眍,SayJack
耦,耦,SayJack
趴,趴,SayJack
怕,怕,SayJack
爬,爬,SayJack
帕,帕,SayJack
琶,琶,SayJack
啪,啪,SayJack
筢,筢,SayJack
葩,葩,SayJack
杷,杷,SayJack
徘,徘,SayJack
湃,湃,SayJack
排,排,SayJack
拍,拍,SayJack
派,派,SayJack
牌,牌,SayJack
俳,俳,SayJack
哌,哌,SayJack
蒎,蒎,SayJack
判,判,SayJack
畔,畔,SayJack
拚,拚,SayJack
盼,盼,SayJack
攀,攀,SayJack
叛,叛,SayJack
潘,潘,SayJack
柈,柈,SayJack
泮,泮,SayJack
襻,襻,SayJack
磐,磐,SayJack
袢,袢,SayJack
蟠,蟠,SayJack
旁,旁,SayJack
胖,胖,SayJack
乓,乓,SayJack
螃,螃,SayJack
滂,滂,SayJack
耪,耪,SayJack
逄,逄,SayJack
跑,跑,SayJack
泡,泡,SayJack
袍,袍,SayJack
炮,炮,SayJack
咆,咆,SayJack
匏,匏,SayJack
狍,狍,SayJack
庖,庖,SayJack
脬,脬,SayJack
配,配,SayJack
沛,沛,SayJack
佩,佩,SayJack
陪,陪,SayJack
培,培,SayJack
胚,胚,SayJack
邳,邳,SayJack
霈,霈,SayJack
呸,呸,SayJack
帔,帔,SayJack
旆,旆,SayJack
裴,裴,SayJack
醅,醅,SayJack
盆,盆,SayJack
棚,棚,SayJack
烹,烹,SayJack
澎,澎,SayJack
碰,碰,SayJack
朋,朋,SayJack
膨,膨,SayJack
捧,捧,SayJack
蓬,蓬,SayJack
砰,砰,SayJack
篷,篷,SayJack
彭,彭,SayJack
硼,硼,SayJack
蟛,蟛,SayJack
抨,抨,SayJack
堋,堋,SayJack
嘭,嘭,SayJack
甏,甏,SayJack
怦,怦,SayJack
譬,譬,SayJack
匹,匹,SayJack
琵,琵,SayJack
啤,啤,SayJack
屁,屁,SayJack
皮,皮,SayJack
批,批,SayJack
劈,劈,SayJack
披,披,SayJack
脾,脾,SayJack
疲,疲,SayJack
僻,僻,SayJack
霹,霹,SayJack
辟,辟,SayJack
仳,仳,SayJack
澼,澼,SayJack
陴,陴,SayJack
庀,庀,SayJack
濞,濞,SayJack
砒,砒,SayJack
毗,毗,SayJack
貔,貔,SayJack
苤,苤,SayJack
甓,甓,SayJack
鼙,鼙,SayJack
伾,伾,SayJack
丕,丕,SayJack
狉,狉,SayJack
痞,痞,SayJack
枇,枇,SayJack
媲,媲,SayJack
癖,癖,SayJack
圮,圮,SayJack
淠,淠,SayJack
埤,埤,SayJack
坯,坯,SayJack
蜱,蜱,SayJack
郫,郫,SayJack
噼,噼,SayJack
偏,偏,SayJack
篇,篇,SayJack
片,片,SayJack
翩,翩,SayJack
犏,犏,SayJack
蹁,蹁,SayJack
胼,胼,SayJack
漂,漂,SayJack
票,票,SayJack
瓢,瓢,SayJack
殍,殍,SayJack
剽,剽,SayJack
嘌,嘌,SayJack
嫖,嫖,SayJack
螵,螵,SayJack
摽,摽,SayJack
膘,膘,SayJack
瞟,瞟,SayJack
撇,撇,SayJack
瞥,瞥,SayJack
氕,氕,SayJack
聘,聘,SayJack
拼,拼,SayJack
品,品,SayJack
姘,姘,SayJack
牝,牝,SayJack
榀,榀,SayJack
平,平,SayJack
萍,萍,SayJack
坪,坪,SayJack
乒,乒,SayJack
屏,屏,SayJack
瓶,瓶,SayJack
枰,枰,SayJack
苹,苹,SayJack
洴,洴,SayJack
帡,帡,SayJack
俜,俜,SayJack
娉,娉,SayJack
婆,婆,SayJack
坡,坡,SayJack
迫,迫,SayJack
破,破,SayJack
魄,魄,SayJack
朴,朴,SayJack
珀,珀,SayJack
粕,粕,SayJack
皤,皤,SayJack
鄱,鄱,SayJack
笸,笸,SayJack
叵,叵,SayJack
剖,剖,SayJack
掊,掊,SayJack
瓿,瓿,SayJack
裒,裒,SayJack
抔,抔,SayJack
瀑,瀑,SayJack
曝,曝,SayJack
圃,圃,SayJack
菩,菩,SayJack
普,普,SayJack
葡,葡,SayJack
浦,浦,SayJack
蒲,蒲,SayJack
仆,仆,SayJack
濮,濮,SayJack
溥,溥,SayJack
匍,匍,SayJack
璞,璞,SayJack
噗,噗,SayJack
潽,潽,SayJack
氆,氆,SayJack
埔,埔,SayJack
蹼,蹼,SayJack
汽,汽,SayJack
砌,砌,SayJack
器,器,SayJack
乞,乞,SayJack
戚,戚,SayJack
企,企,SayJack
泣,泣,SayJack
歧,歧,SayJack
旗,旗,SayJack
欺,欺,SayJack
期,期,SayJack
崎,崎,SayJack
淇,淇,SayJack
祈,祈,SayJack
憩,憩,SayJack
七,七,SayJack
漆,漆,SayJack
奇,奇,SayJack
妻,妻,SayJack
契,契,SayJack
起,起,SayJack
其,其,SayJack
棋,棋,SayJack
畦,畦,SayJack
迄,迄,SayJack
柒,柒,SayJack
琪,琪,SayJack
萋,萋,SayJack
萁,萁,SayJack
碶,碶,SayJack
圻,圻,SayJack
岐,岐,SayJack
琦,琦,SayJack
蜞,蜞,SayJack
葺,葺,SayJack
嘁,嘁,SayJack
杞,杞,SayJack
碁,碁,SayJack
亓,亓,SayJack
屺,屺,SayJack
麒,麒,SayJack
祁,祁,SayJack
祺,祺,SayJack
芑,芑,SayJack
沏,沏,SayJack
芪,芪,SayJack
祇,祇,SayJack
綦,綦,SayJack
汔,汔,SayJack
耆,耆,SayJack
埼,埼,SayJack
棨,棨,SayJack
綮,綮,SayJack
恰,恰,SayJack
洽,洽,SayJack
卡,卡,SayJack
拤,拤,SayJack
掐,掐,SayJack
前,前,SayJack
欠,欠,SayJack
千,千,SayJack
遣,遣,SayJack
虔,虔,SayJack
歉,歉,SayJack
黔,黔,SayJack
嵌,嵌,SayJack
茜,茜,SayJack
扦,扦,SayJack
芊,芊,SayJack
慊,慊,SayJack
倩,倩,SayJack
阡,阡,SayJack
撖,撖,SayJack
肷,肷,SayJack
仟,仟,SayJack
褰,褰,SayJack
芡,芡,SayJack
岍,岍,SayJack
愆,愆,SayJack
掮,掮,SayJack
搴,搴,SayJack
腔,腔,SayJack
戕,戕,SayJack
蜣,蜣,SayJack
爿,爿,SayJack
羌,羌,SayJack
峭,峭,SayJack
悄,悄,SayJack
巧,巧,SayJack
憔,憔,SayJack
敲,敲,SayJack
瞧,瞧,SayJack
撬,撬,SayJack
俏,俏,SayJack
劁,劁,SayJack
鞒,鞒,SayJack
橇,橇,SayJack
愀,愀,SayJack
樵,樵,SayJack
鞘,鞘,SayJack
怯,怯,SayJack
且,且,SayJack
切,切,SayJack
茄,茄,SayJack
妾,妾,SayJack
挈,挈,SayJack
伽,伽,SayJack
琴,琴,SayJack
勤,勤,SayJack
禽,禽,SayJack
擒,擒,SayJack
侵,侵,SayJack
秦,秦,SayJack
芹,芹,SayJack
沁,沁,SayJack
噙,噙,SayJack
檎,檎,SayJack
嗪,嗪,SayJack
芩,芩,SayJack
吣,吣,SayJack
衾,衾,SayJack
清,清,SayJack
晴,晴,SayJack
青,青,SayJack
擎,擎,SayJack
蜻,蜻,SayJack
情,情,SayJack
卿,卿,SayJack
罄,罄,SayJack
圊,圊,SayJack
磬,磬,SayJack
勍,勍,SayJack
檠,檠,SayJack
氰,氰,SayJack
庼,庼,SayJack
黥,黥,SayJack
蛩,蛩,SayJack
銎,銎,SayJack
筇,筇,SayJack
穹,穹,SayJack
邛,邛,SayJack
芎,芎,SayJack
球,球,SayJack
丘,丘,SayJack
求,求,SayJack
秋,秋,SayJack
囚,囚,SayJack
酋,酋,SayJack
蚯,蚯,SayJack
逑,逑,SayJack
楸,楸,SayJack
犰,犰,SayJack
邱,邱,SayJack
裘,裘,SayJack
蝤,蝤,SayJack
艽,艽,SayJack
璆,璆,SayJack
俅,俅,SayJack
遒,遒,SayJack
糗,糗,SayJack
訄,訄,SayJack
鞧,鞧,SayJack
泅,泅,SayJack
萩,萩,SayJack
娶,娶,SayJack
取,取,SayJack
曲,曲,SayJack
屈,屈,SayJack
趣,趣,SayJack
去,去,SayJack
渠,渠,SayJack
蛆,蛆,SayJack
磲,磲,SayJack
癯,癯,SayJack
劬,劬,SayJack
佢,佢,SayJack
璩,璩,SayJack
蛐,蛐,SayJack
朐,朐,SayJack
蘧,蘧,SayJack
祛,祛,SayJack
衢,衢,SayJack
氍,氍,SayJack
鼩,鼩,SayJack
袪,袪,SayJack
湨,湨,SayJack
蕖,蕖,SayJack
黢,黢,SayJack
犬,犬,SayJack
痊,痊,SayJack
全,全,SayJack
圈,圈,SayJack
拳,拳,SayJack
券,券,SayJack
泉,泉,SayJack
醛,醛,SayJack
棬,棬,SayJack
荃,荃,SayJack
蜷,蜷,SayJack
悛,悛,SayJack
筌,筌,SayJack
畎,畎,SayJack
鬈,鬈,SayJack
雀,雀,SayJack
缺,缺,SayJack
瘸,瘸,SayJack
确,确,SayJack
榷,榷,SayJack
裙,裙,SayJack
群,群,SayJack
逡,逡,SayJack
蝽,蝽,SayJack
然,然,SayJack
燃,燃,SayJack
染,染,SayJack
蚺,蚺,SayJack
冉,冉,SayJack
苒,苒,SayJack
髯,髯,SayJack
嚷,嚷,SayJack
壤,壤,SayJack
攘,攘,SayJack
蘘,蘘,SayJack
穰,穰,SayJack
瓤,瓤,SayJack
禳,禳,SayJack
惹,惹,SayJack
喏,喏,SayJack
任,任,SayJack
仁,仁,SayJack
人,人,SayJack
忍,忍,SayJack
刃,刃,SayJack
壬,壬,SayJack
妊,妊,SayJack
衽,衽,SayJack
荏,荏,SayJack
稔,稔,SayJack
恁,恁,SayJack
仞,仞,SayJack
扔,扔,SayJack
仍,仍,SayJack
日,日,SayJack
榕,榕,SayJack
熔,熔,SayJack
容,容,SayJack
溶,溶,SayJack
融,融,SayJack
蓉,蓉,SayJack
茸,茸,SayJack
冗,冗,SayJack
戎,戎,SayJack
狨,狨,SayJack
瑢,瑢,SayJack
柔,柔,SayJack
揉,揉,SayJack
肉,肉,SayJack
蹂,蹂,SayJack
糅,糅,SayJack
鞣,鞣,SayJack
辱,辱,SayJack
入,入,SayJack
褥,褥,SayJack
乳,乳,SayJack
儒,儒,SayJack
如,如,SayJack
蠕,蠕,SayJack
孺,孺,SayJack
茹,茹,SayJack
蓐,蓐,SayJack
襦,襦,SayJack
濡,濡,SayJack
臑,臑,SayJack
洳,洳,SayJack
汝,汝,SayJack
溽,溽,SayJack
薷,薷,SayJack
嚅,嚅,SayJack
朊,朊,SayJack
阮,阮,SayJack
蕊,蕊,SayJack
瑞,瑞,SayJack
蚋,蚋,SayJack
蕤,蕤,SayJack
芮,芮,SayJack
汭,汭,SayJack
睿,睿,SayJack
枘,枘,SayJack
弱,弱,SayJack
若,若,SayJack
蒻,蒻,SayJack
偌,偌,SayJack
撒,撒,SayJack
脎,脎,SayJack
靸,靸,SayJack
趿,趿,SayJack
卅,卅,SayJack
仨,仨,SayJack
洒,洒,SayJack
塞,塞,SayJack
腮,腮,SayJack
噻,噻,SayJack
三,三,SayJack
散,散,SayJack
叁,叁,SayJack
潵,潵,SayJack
嗓,嗓,SayJack
桑,桑,SayJack
搡,搡,SayJack
磉,磉,SayJack
艘,艘,SayJack
嫂,嫂,SayJack
搔,搔,SayJack
臊,臊,SayJack
瘙,瘙,SayJack
埽,埽,SayJack
色,色,SayJack
瑟,瑟,SayJack
森,森,SayJack
僧,僧,SayJack
啥,啥,SayJack
沙,沙,SayJack
傻,傻,SayJack
砂,砂,SayJack
煞,煞,SayJack
霎,霎,SayJack
莎,莎,SayJack
裟,裟,SayJack
痧,痧,SayJack
唼,唼,SayJack
歃,歃,SayJack
晒,晒,SayJack
扇,扇,SayJack
珊,珊,SayJack
山,山,SayJack
擅,擅,SayJack
善,善,SayJack
膳,膳,SayJack
衫,衫,SayJack
杉,杉,SayJack
芟,芟,SayJack
疝,疝,SayJack
蟮,蟮,SayJack
汕,汕,SayJack
跚,跚,SayJack
潸,潸,SayJack
煽,煽,SayJack
鄯,鄯,SayJack
苫,苫,SayJack
嬗,嬗,SayJack
舢,舢,SayJack
上,上,SayJack
商,商,SayJack
尚,尚,SayJack
晌,晌,SayJack
墒,墒,SayJack
熵,熵,SayJack
梢,梢,SayJack
哨,哨,SayJack
少,少,SayJack
稍,稍,SayJack
捎,捎,SayJack
芍,芍,SayJack
筲,筲,SayJack
艄,艄,SayJack
潲,潲,SayJack
杓,杓,SayJack
勺,勺,SayJack
蛸,蛸,SayJack
邵,邵,SayJack
劭,劭,SayJack
韶,韶,SayJack
奢,奢,SayJack
射,射,SayJack
涉,涉,SayJack
蛇,蛇,SayJack
舌,舌,SayJack
社,社,SayJack
舍,舍,SayJack
赦,赦,SayJack
猞,猞,SayJack
佘,佘,SayJack
麝,麝,SayJack
深,深,SayJack
伸,伸,SayJack
神,神,SayJack
慎,慎,SayJack
申,申,SayJack
身,身,SayJack
呻,呻,SayJack
娠,娠,SayJack
胂,胂,SayJack
砷,砷,SayJack
矧,矧,SayJack
莘,莘,SayJack
哂,哂,SayJack
葚,葚,SayJack
抻,抻,SayJack
燊,燊,SayJack
蜃,蜃,SayJack
吲,吲,SayJack
甥,甥,SayJack
剩,剩,SayJack
生,生,SayJack
笙,笙,SayJack
盛,盛,SayJack
省,省,SayJack
升,升,SayJack
牲,牲,SayJack
胜,胜,SayJack
嵊,嵊,SayJack
眚,眚,SayJack
晟,晟,SayJack
示,示,SayJack
市,市,SayJack
柿,柿,SayJack
事,事,SayJack
侍,侍,SayJack
屎,屎,SayJack
石,石,SayJack
室,室,SayJack
氏,氏,SayJack
始,始,SayJack
式,式,SayJack
拾,拾,SayJack
世,世,SayJack
失,失,SayJack
士,士,SayJack
誓,誓,SayJack
史,史,SayJack
是,是,SayJack
十,十,SayJack
使,使,SayJack
逝,逝,SayJack
食,食,SayJack
嗜,嗜,SayJack
施,施,SayJack
什,什,SayJack
拭,拭,SayJack
尸,尸,SayJack
虱,虱,SayJack
恃,恃,SayJack
矢,矢,SayJack
奭,奭,SayJack
蓍,蓍,SayJack
豕,豕,SayJack
炻,炻,SayJack
噬,噬,SayJack
仕,仕,SayJack
浉,浉,SayJack
舐,舐,SayJack
鼫,鼫,SayJack
螫,螫,SayJack
筮,筮,SayJack
湜,湜,SayJack
售,售,SayJack
收,收,SayJack
手,手,SayJack
首,首,SayJack
瘦,瘦,SayJack
授,授,SayJack
受,受,SayJack
守,守,SayJack
狩,狩,SayJack
漱,漱,SayJack
署,署,SayJack
鼠,鼠,SayJack
蔬,蔬,SayJack
叔,叔,SayJack
梳,梳,SayJack
恕,恕,SayJack
束,束,SayJack
述,述,SayJack
墅,墅,SayJack
殊,殊,SayJack
熟,熟,SayJack
曙,曙,SayJack
舒,舒,SayJack
疏,疏,SayJack
暑,暑,SayJack
抒,抒,SayJack
薯,薯,SayJack
蜀,蜀,SayJack
黍,黍,SayJack
淑,淑,SayJack
庶,庶,SayJack
秫,秫,SayJack
沭,沭,SayJack
毹,毹,SayJack
姝,姝,SayJack
殳,殳,SayJack
菽,菽,SayJack
孰,孰,SayJack
戍,戍,SayJack
塾,塾,SayJack
澍,澍,SayJack
倏,倏,SayJack
耍,耍,SayJack
刷,刷,SayJack
甩,甩,SayJack
摔,摔,SayJack
蟀,蟀,SayJack
衰,衰,SayJack
涮,涮,SayJack
拴,拴,SayJack
栓,栓,SayJack
霜,霜,SayJack
爽,爽,SayJack
孀,孀,SayJack
睡,睡,SayJack
水,水,SayJack
税,税,SayJack
蜕,蜕,SayJack
瞬,瞬,SayJack
吮,吮,SayJack
舜,舜,SayJack
楯,楯,SayJack
槊,槊,SayJack
蒴,蒴,SayJack
妁,妁,SayJack
朔,朔,SayJack
搠,搠,SayJack
四,四,SayJack
撕,撕,SayJack
肆,肆,SayJack
斯,斯,SayJack
似,似,SayJack
思,思,SayJack
寺,寺,SayJack
司,司,SayJack
死,死,SayJack
私,私,SayJack
嘶,嘶,SayJack
伺,伺,SayJack
俟,俟,SayJack
澌,澌,SayJack
兕,兕,SayJack
偲,偲,SayJack
嗣,嗣,SayJack
巳,巳,SayJack
涘,涘,SayJack
祀,祀,SayJack
汜,汜,SayJack
耜,耜,SayJack
姒,姒,SayJack
泗,泗,SayJack
笥,笥,SayJack
松,松,SayJack
送,送,SayJack
宋,宋,SayJack
竦,竦,SayJack
淞,淞,SayJack
悚,悚,SayJack
嵩,嵩,SayJack
菘,菘,SayJack
凇,凇,SayJack
餸,餸,SayJack
嗽,嗽,SayJack
搜,搜,SayJack
滫,滫,SayJack
叟,叟,SayJack
瞍,瞍,SayJack
螋,螋,SayJack
溲,溲,SayJack
嗾,嗾,SayJack
嗖,嗖,SayJack
廋,廋,SayJack
溯,溯,SayJack
宿,宿,SayJack
俗,俗,SayJack
粟,粟,SayJack
塑,塑,SayJack
速,速,SayJack
素,素,SayJack
酥,酥,SayJack
蔌,蔌,SayJack
涑,涑,SayJack
觫,觫,SayJack
嗉,嗉,SayJack
簌,簌,SayJack
蓿,蓿,SayJack
夙,夙,SayJack
窣,窣,SayJack
愫,愫,SayJack
僳,僳,SayJack
酸,酸,SayJack
算,算,SayJack
蒜,蒜,SayJack
狻,狻,SayJack
祟,祟,SayJack
碎,碎,SayJack
髓,髓,SayJack
遂,遂,SayJack
隧,隧,SayJack
穗,穗,SayJack
眭,眭,SayJack
隋,隋,SayJack
荽,荽,SayJack
邃,邃,SayJack
濉,濉,SayJack
燧,燧,SayJack
睢,睢,SayJack
榫,榫,SayJack
飧,飧,SayJack
索,索,SayJack
所,所,SayJack
梭,梭,SayJack
唆,唆,SayJack
嗦,嗦,SayJack
挲,挲,SayJack
羧,羧,SayJack
蹜,蹜,SayJack
嗍,嗍,SayJack
娑,娑,SayJack
蓑,蓑,SayJack
桫,桫,SayJack
踏,踏,SayJack
塔,塔,SayJack
她,她,SayJack
塌,塌,SayJack
它,它,SayJack
他,他,SayJack
蹋,蹋,SayJack
榻,榻,SayJack
遢,遢,SayJack
漯,漯,SayJack
沓,沓,SayJack
溻,溻,SayJack
嗒,嗒,SayJack
台,台,SayJack
抬,抬,SayJack
苔,苔,SayJack
汰,汰,SayJack
太,太,SayJack
胎,胎,SayJack
泰,泰,SayJack
酞,酞,SayJack
炱,炱,SayJack
肽,肽,SayJack
薹,薹,SayJack
邰,邰,SayJack
跆,跆,SayJack
探,探,SayJack
毯,毯,SayJack
痰,痰,SayJack
檀,檀,SayJack
潭,潭,SayJack
坦,坦,SayJack
炭,炭,SayJack
碳,碳,SayJack
袒,袒,SayJack
覃,覃,SayJack
郯,郯,SayJack
倓,倓,SayJack
菼,菼,SayJack
忐,忐,SayJack
坍,坍,SayJack
糖,糖,SayJack
趟,趟,SayJack
淌,淌,SayJack
堂,堂,SayJack
唐,唐,SayJack
躺,躺,SayJack
倘,倘,SayJack
塘,塘,SayJack
棠,棠,SayJack
膛,膛,SayJack
搪,搪,SayJack
帑,帑,SayJack
鄌,鄌,SayJack
樘,樘,SayJack
溏,溏,SayJack
螗,螗,SayJack
羰,羰,SayJack
瑭,瑭,SayJack
嘡,嘡,SayJack
螳,螳,SayJack
耥,耥,SayJack
掏,掏,SayJack
套,套,SayJack
萄,萄,SayJack
滔,滔,SayJack
陶,陶,SayJack
淘,淘,SayJack
逃,逃,SayJack
桃,桃,SayJack
叨,叨,SayJack
饕,饕,SayJack
洮,洮,SayJack
啕,啕,SayJack
特,特,SayJack
忒,忒,SayJack
慝,慝,SayJack
忑,忑,SayJack
疼,疼,SayJack
藤,藤,SayJack
螣,螣,SayJack
滕,滕,SayJack
啼,啼,SayJack
嚏,嚏,SayJack
提,提,SayJack
踢,踢,SayJack
惕,惕,SayJack
剔,剔,SayJack
蹄,蹄,SayJack
涕,涕,SayJack
梯,梯,SayJack
剃,剃,SayJack
替,替,SayJack
醍,醍,SayJack
倜,倜,SayJack
悌,悌,SayJack
逖,逖,SayJack
体,体,SayJack
荑,荑,SayJack
天,天,SayJack
添,添,SayJack
填,填,SayJack
舔,舔,SayJack
田,田,SayJack
甜,甜,SayJack
恬,恬,SayJack
腆,腆,SayJack
忝,忝,SayJack
嗔,嗔,SayJack
湉,湉,SayJack
掭,掭,SayJack
殄,殄,SayJack
黇,黇,SayJack
畋,畋,SayJack
挑,挑,SayJack
跳,跳,SayJack
眺,眺,SayJack
髫,髫,SayJack
苕,苕,SayJack
迢,迢,SayJack
祧,祧,SayJack
佻,佻,SayJack
蜩,蜩,SayJack
笤,笤,SayJack
窕,窕,SayJack
帖,帖,SayJack
餮,餮,SayJack
萜,萜,SayJack
庭,庭,SayJack
亭,亭,SayJack
艇,艇,SayJack
廷,廷,SayJack
停,停,SayJack
挺,挺,SayJack
蜓,蜓,SayJack
梃,梃,SayJack
莛,莛,SayJack
珽,珽,SayJack
耵,耵,SayJack
霆,霆,SayJack
汀,汀,SayJack
婷,婷,SayJack
葶,葶,SayJack
町,町,SayJack
筒,筒,SayJack
童,童,SayJack
同,同,SayJack
通,通,SayJack
桶,桶,SayJack
痛,痛,SayJack
彤,彤,SayJack
桐,桐,SayJack
瞳,瞳,SayJack
曈,曈,SayJack
峒,峒,SayJack
艟,艟,SayJack
茼,茼,SayJack
熥,熥,SayJack
捅,捅,SayJack
僮,僮,SayJack
潼,潼,SayJack
硐,硐,SayJack
恫,恫,SayJack
峂,峂,SayJack
佟,佟,SayJack
侗,侗,SayJack
砼,砼,SayJack
酮,酮,SayJack
嗵,嗵,SayJack
偷,偷,SayJack
透,透,SayJack
投,投,SayJack
骰,骰,SayJack
途,途,SayJack
突,突,SayJack
兔,兔,SayJack
屠,屠,SayJack
吐,吐,SayJack
土,土,SayJack
徒,徒,SayJack
凸,凸,SayJack
堍,堍,SayJack
菟,菟,SayJack
涂,涂,SayJack
荼,荼,SayJack
酴,酴,SayJack
芏,芏,SayJack
葖,葖,SayJack
彖,彖,SayJack
疃,疃,SayJack
湍,湍,SayJack
推,推,SayJack
退,退,SayJack
腿,腿,SayJack
煺,煺,SayJack
豚,豚,SayJack
吞,吞,SayJack
臀,臀,SayJack
褪,褪,SayJack
屯,屯,SayJack
炖,炖,SayJack
氽,氽,SayJack
暾,暾,SayJack
拖,拖,SayJack
妥,妥,SayJack
唾,唾,SayJack
拓,拓,SayJack
脱,脱,SayJack
托,托,SayJack
橐,橐,SayJack
砣,砣,SayJack
酡,酡,SayJack
陀,陀,SayJack
佗,佗,SayJack
鞁,鞁,SayJack
柝,柝,SayJack
庹,庹,SayJack
跎,跎,SayJack
沱,沱,SayJack
坨,坨,SayJack
挖,挖,SayJack
娃,娃,SayJack
哇,哇,SayJack
蛙,蛙,SayJack
瓦,瓦,SayJack
佤,佤,SayJack
歪,歪,SayJack
外,外,SayJack
碗,碗,SayJack
婉,婉,SayJack
腕,腕,SayJack
挽,挽,SayJack
玩,玩,SayJack
蜿,蜿,SayJack
完,完,SayJack
晚,晚,SayJack
惋,惋,SayJack
丸,丸,SayJack
豌,豌,SayJack
宛,宛,SayJack
畹,畹,SayJack
剜,剜,SayJack
琬,琬,SayJack
芄,芄,SayJack
烷,烷,SayJack
浣,浣,SayJack
皖,皖,SayJack
菀,菀,SayJack
忘,忘,SayJack
旺,旺,SayJack
亡,亡,SayJack
汪,汪,SayJack
王,王,SayJack
枉,枉,SayJack
往,往,SayJack
望,望,SayJack
妄,妄,SayJack
惘,惘,SayJack
罔,罔,SayJack
魍,魍,SayJack
喂,喂,SayJack
萎,萎,SayJack
危,危,SayJack
威,威,SayJack
畏,畏,SayJack
味,味,SayJack
胃,胃,SayJack
未,未,SayJack
唯,唯,SayJack
微,微,SayJack
位,位,SayJack
慰,慰,SayJack
惟,惟,SayJack
尾,尾,SayJack
蔚,蔚,SayJack
委,委,SayJack
桅,桅,SayJack
尉,尉,SayJack
魏,魏,SayJack
薇,薇,SayJack
巍,巍,SayJack
偎,偎,SayJack
隈,隈,SayJack
洧,洧,SayJack
娓,娓,SayJack
倭,倭,SayJack
渭,渭,SayJack
猥,猥,SayJack
圩,圩,SayJack
崴,崴,SayJack
葳,葳,SayJack
帷,帷,SayJack
溦,溦,SayJack
煨,煨,SayJack
隗,隗,SayJack
痿,痿,SayJack
逶,逶,SayJack
猬,猬,SayJack
嵬,嵬,SayJack
温,温,SayJack
紊,紊,SayJack
吻,吻,SayJack
蚊,蚊,SayJack
文,文,SayJack
瘟,瘟,SayJack
刎,刎,SayJack
塭,塭,SayJack
汶,汶,SayJack
雯,雯,SayJack
翁,翁,SayJack
嗡,嗡,SayJack
蓊,蓊,SayJack
滃,滃,SayJack
我,我,SayJack
沃,沃,SayJack
握,握,SayJack
卧,卧,SayJack
肟,肟,SayJack
斡,斡,SayJack
幄,幄,SayJack
渥,渥,SayJack
五,五,SayJack
侮,侮,SayJack
舞,舞,SayJack
巫,巫,SayJack
唔,唔,SayJack
勿,勿,SayJack
武,武,SayJack
屋,屋,SayJack
毋,毋,SayJack
伍,伍,SayJack
悟,悟,SayJack
污,污,SayJack
午,午,SayJack
蜈,蜈,SayJack
晤,晤,SayJack
物,物,SayJack
捂,捂,SayJack
梧,梧,SayJack
婺,婺,SayJack
戊,戊,SayJack
圬,圬,SayJack
忤,忤,SayJack
芴,芴,SayJack
焐,焐,SayJack
兀,兀,SayJack
痦,痦,SayJack
寤,寤,SayJack
牾,牾,SayJack
迕,迕,SayJack
鼯,鼯,SayJack
阢,阢,SayJack
浯,浯,SayJack
靰,靰,SayJack
杌,杌,SayJack
郚,郚,SayJack
仵,仵,SayJack
吾,吾,SayJack
鋈,鋈,SayJack
昔,昔,SayJack
希,希,SayJack
喜,喜,SayJack
息,息,SayJack
西,西,SayJack
夕,夕,SayJack
膝,膝,SayJack
析,析,SayJack
吸,吸,SayJack
洗,洗,SayJack
媳,媳,SayJack
嬉,嬉,SayJack
晰,晰,SayJack
稀,稀,SayJack
徙,徙,SayJack
惜,惜,SayJack
隙,隙,SayJack
犀,犀,SayJack
席,席,SayJack
系,系,SayJack
蟋,蟋,SayJack
嘻,嘻,SayJack
悉,悉,SayJack
熄,熄,SayJack
溪,溪,SayJack
熙,熙,SayJack
菥,菥,SayJack
樨,樨,SayJack
晞,晞,SayJack
羲,羲,SayJack
檄,檄,SayJack
淅,淅,SayJack
唏,唏,SayJack
隰,隰,SayJack
蹊,蹊,SayJack
蓰,蓰,SayJack
曦,曦,SayJack
葸,葸,SayJack
矽,矽,SayJack
舄,舄,SayJack
翕,翕,SayJack
歙,歙,SayJack
禧,禧,SayJack
兮,兮,SayJack
浠,浠,SayJack
僖,僖,SayJack
粞,粞,SayJack
郄,郄,SayJack
窸,窸,SayJack
鼷,鼷,SayJack
硒,硒,SayJack
醯,醯,SayJack
豨,豨,SayJack
禊,禊,SayJack
熹,熹,SayJack
穸,穸,SayJack
裼,裼,SayJack
螅,螅,SayJack
屣,屣,SayJack
蜥,蜥,SayJack
潟,潟,SayJack
奚,奚,SayJack
烯,烯,SayJack
舾,舾,SayJack
皙,皙,SayJack
汐,汐,SayJack
霞,霞,SayJack
下,下,SayJack
暇,暇,SayJack
夏,夏,SayJack
瞎,瞎,SayJack
匣,匣,SayJack
柙,柙,SayJack
罅,罅,SayJack
遐,遐,SayJack
黠,黠,SayJack
狎,狎,SayJack
瑕,瑕,SayJack
呷,呷,SayJack
掀,掀,SayJack
限,限,SayJack
弦,弦,SayJack
嫌,嫌,SayJack
仙,仙,SayJack
先,先,SayJack
陷,陷,SayJack
舷,舷,SayJack
涎,涎,SayJack
咸,咸,SayJack
腺,腺,SayJack
痃,痃,SayJack
祆,祆,SayJack
酰,酰,SayJack
跣,跣,SayJack
燹,燹,SayJack
筅,筅,SayJack
羡,羡,SayJack
暹,暹,SayJack
氙,氙,SayJack
霰,霰,SayJack
冼,冼,SayJack
想,想,SayJack
象,象,SayJack
像,像,SayJack
香,香,SayJack
享,享,SayJack
箱,箱,SayJack
巷,巷,SayJack
翔,翔,SayJack
相,相,SayJack
祥,祥,SayJack
橡,橡,SayJack
向,向,SayJack
湘,湘,SayJack
襄,襄,SayJack
庠,庠,SayJack
宵,宵,SayJack
逍,逍,SayJack
孝,孝,SayJack
小,小,SayJack
肖,肖,SayJack
效,效,SayJack
校,校,SayJack
笑,笑,SayJack
消,消,SayJack
哮,哮,SayJack
硝,硝,SayJack
魈,魈,SayJack
洨,洨,SayJack
霄,霄,SayJack
藠,藠,SayJack
枵,枵,SayJack
筱,筱,SayJack
懈,懈,SayJack
歇,歇,SayJack
邪,邪,SayJack
蟹,蟹,SayJack
血,血,SayJack
卸,卸,SayJack
屑,屑,SayJack
些,些,SayJack
鞋,鞋,SayJack
斜,斜,SayJack
偕,偕,SayJack
泄,泄,SayJack
械,械,SayJack
楔,楔,SayJack
薤,薤,SayJack
瀣,瀣,SayJack
榭,榭,SayJack
躞,躞,SayJack
塮,塮,SayJack
澥,澥,SayJack
廨,廨,SayJack
獬,獬,SayJack
揳,揳,SayJack
燮,燮,SayJack
勰,勰,SayJack
渫,渫,SayJack
榍,榍,SayJack
邂,邂,SayJack
薪,薪,SayJack
欣,欣,SayJack
馨,馨,SayJack
新,新,SayJack
信,信,SayJack
心,心,SayJack
辛,辛,SayJack
歆,歆,SayJack
忻,忻,SayJack
鑫,鑫,SayJack
芯,芯,SayJack
囟,囟,SayJack
昕,昕,SayJack
醒,醒,SayJack
姓,姓,SayJack
刑,刑,SayJack
行,行,SayJack
杏,杏,SayJack
腥,腥,SayJack
幸,幸,SayJack
型,型,SayJack
形,形,SayJack
星,星,SayJack
性,性,SayJack
猩,猩,SayJack
邢,邢,SayJack
悻,悻,SayJack
硎,硎,SayJack
惺,惺,SayJack
婞,婞,SayJack
荇,荇,SayJack
擤,擤,SayJack
胸,胸,SayJack
兄,兄,SayJack
凶,凶,SayJack
雄,雄,SayJack
熊,熊,SayJack
匈,匈,SayJack
羞,羞,SayJack
休,休,SayJack
修,修,SayJack
秀,秀,SayJack
袖,袖,SayJack
嗅,嗅,SayJack
朽,朽,SayJack
溴,溴,SayJack
庥,庥,SayJack
岫,岫,SayJack
咻,咻,SayJack
髹,髹,SayJack
琇,琇,SayJack
貅,貅,SayJack
婿,婿,SayJack
徐,徐,SayJack
絮,絮,SayJack
蓄,蓄,SayJack
序,序,SayJack
恤,恤,SayJack
墟,墟,SayJack
需,需,SayJack
酗,酗,SayJack
旭,旭,SayJack
吁,吁,SayJack
盱,盱,SayJack
戌,戌,SayJack
旮,旮,SayJack
栩,栩,SayJack
溆,溆,SayJack
魆,魆,SayJack
糈,糈,SayJack
煦,煦,SayJack
洫,洫,SayJack
旯,旯,SayJack
醑,醑,SayJack
胥,胥,SayJack
喧,喧,SayJack
旋,旋,SayJack
宣,宣,SayJack
炫,炫,SayJack
渲,渲,SayJack
玄,玄,SayJack
漩,漩,SayJack
璇,璇,SayJack
煊,煊,SayJack
揎,揎,SayJack
烜,烜,SayJack
楦,楦,SayJack
儇,儇,SayJack
碹,碹,SayJack
泫,泫,SayJack
眩,眩,SayJack
暄,暄,SayJack
暅,暅,SayJack
禤,禤,SayJack
萱,萱,SayJack
瑄,瑄,SayJack
雪,雪,SayJack
削,削,SayJack
穴,穴,SayJack
薛,薛,SayJack
靴,靴,SayJack
茓,茓,SayJack
薰,薰,SayJack
旬,旬,SayJack
迅,迅,SayJack
殉,殉,SayJack
巡,巡,SayJack
循,循,SayJack
熏,熏,SayJack
汛,汛,SayJack
荀,荀,SayJack
恂,恂,SayJack
巽,巽,SayJack
峋,峋,SayJack
噀,噀,SayJack
醺,醺,SayJack
珣,珣,SayJack
栒,栒,SayJack
徇,徇,SayJack
洵,洵,SayJack
獯,獯,SayJack
郇,郇,SayJack
蕈,蕈,SayJack
曛,曛,SayJack
挦,挦,SayJack
雅,雅,SayJack
涯,涯,SayJack
丫,丫,SayJack
芽,芽,SayJack
呀,呀,SayJack
押,押,SayJack
牙,牙,SayJack
崖,崖,SayJack
衙,衙,SayJack
蚜,蚜,SayJack
岈,岈,SayJack
迓,迓,SayJack
揠,揠,SayJack
伢,伢,SayJack
砑,砑,SayJack
睚,睚,SayJack
沿,沿,SayJack
淹,淹,SayJack
眼,眼,SayJack
雁,雁,SayJack
掩,掩,SayJack
宴,宴,SayJack
咽,咽,SayJack
炎,炎,SayJack
延,延,SayJack
筵,筵,SayJack
燕,燕,SayJack
研,研,SayJack
言,言,SayJack
衍,衍,SayJack
演,演,SayJack
焰,焰,SayJack
蜒,蜒,SayJack
岩,岩,SayJack
奄,奄,SayJack
堰,堰,SayJack
唁,唁,SayJack
弇,弇,SayJack
妍,妍,SayJack
檐,檐,SayJack
腌,腌,SayJack
崦,崦,SayJack
郾,郾,SayJack
罨,罨,SayJack
蔫,蔫,SayJack
晏,晏,SayJack
胭,胭,SayJack
偃,偃,SayJack
嫣,嫣,SayJack
鄢,鄢,SayJack
焱,焱,SayJack
剡,剡,SayJack
扊,扊,SayJack
埏,埏,SayJack
琰,琰,SayJack
焉,焉,SayJack
洋,洋,SayJack
氧,氧,SayJack
秧,秧,SayJack
漾,漾,SayJack
羊,羊,SayJack
央,央,SayJack
仰,仰,SayJack
殃,殃,SayJack
怏,怏,SayJack
恙,恙,SayJack
烊,烊,SayJack
泱,泱,SayJack
徉,徉,SayJack
垟,垟,SayJack
蛘,蛘,SayJack
鞅,鞅,SayJack
佯,佯,SayJack
耀,耀,SayJack
咬,咬,SayJack
邀,邀,SayJack
腰,腰,SayJack
要,要,SayJack
淆,淆,SayJack
夭,夭,SayJack
妖,妖,SayJack
姚,姚,SayJack
吆,吆,SayJack
舀,舀,SayJack
肴,肴,SayJack
曜,曜,SayJack
靿,靿,SayJack
窈,窈,SayJack
繇,繇,SayJack
窅,窅,SayJack
徭,徭,SayJack
幺,幺,SayJack
崤,崤,SayJack
爻,爻,SayJack
杳,杳,SayJack
珧,珧,SayJack
液,液,SayJack
夜,夜,SayJack
也,也,SayJack
野,野,SayJack
椰,椰,SayJack
冶,冶,SayJack
掖,掖,SayJack
耶,耶,SayJack
拽,拽,SayJack
揶,揶,SayJack
曳,曳,SayJack
倻,倻,SayJack
噎,噎,SayJack
益,益,SayJack
壹,壹,SayJack
溢,溢,SayJack
宜,宜,SayJack
疑,疑,SayJack
以,以,SayJack
疫,疫,SayJack
亦,亦,SayJack
毅,毅,SayJack
乙,乙,SayJack
屹,屹,SayJack
咦,咦,SayJack
逸,逸,SayJack
移,移,SayJack
翌,翌,SayJack
裔,裔,SayJack
一,一,SayJack
怡,怡,SayJack
姨,姨,SayJack
抑,抑,SayJack
已,已,SayJack
意,意,SayJack
翼,翼,SayJack
役,役,SayJack
倚,倚,SayJack
易,易,SayJack
伊,伊,SayJack
依,依,SayJack
衣,衣,SayJack
椅,椅,SayJack
奕,奕,SayJack
胰,胰,SayJack
肄,肄,SayJack
夷,夷,SayJack
揖,揖,SayJack
邑,邑,SayJack
腋,腋,SayJack
酏,酏,SayJack
臆,臆,SayJack
廙,廙,SayJack
噫,噫,SayJack
迤,迤,SayJack
挹,挹,SayJack
懿,懿,SayJack
乂,乂,SayJack
矣,矣,SayJack
黟,黟,SayJack
圯,圯,SayJack
簃,簃,SayJack
猗,猗,SayJack
嶷,嶷,SayJack
扅,扅,SayJack
佚,佚,SayJack
弈,弈,SayJack
翊,翊,SayJack
弋,弋,SayJack
浥,浥,SayJack
咿,咿,SayJack
仡,仡,SayJack
刈,刈,SayJack
殪,殪,SayJack
苡,苡,SayJack
薏,薏,SayJack
嗌,嗌,SayJack
蜴,蜴,SayJack
埸,埸,SayJack
繄,繄,SayJack
旖,旖,SayJack
沂,沂,SayJack
佾,佾,SayJack
痍,痍,SayJack
熠,熠,SayJack
羿,羿,SayJack
悒,悒,SayJack
劓,劓,SayJack
螠,螠,SayJack
翳,翳,SayJack
匜,匜,SayJack
彝,彝,SayJack
癔,癔,SayJack
漪,漪,SayJack
印,印,SayJack
引,引,SayJack
吟,吟,SayJack
因,因,SayJack
姻,姻,SayJack
音,音,SayJack
殷,殷,SayJack
蚓,蚓,SayJack
茵,茵,SayJack
淫,淫,SayJack
愔,愔,SayJack
氤,氤,SayJack
狺,狺,SayJack
茚,茚,SayJack
嚚,嚚,SayJack
窨,窨,SayJack
寅,寅,SayJack
崟,崟,SayJack
胤,胤,SayJack
霪,霪,SayJack
尹,尹,SayJack
喑,喑,SayJack
垠,垠,SayJack
洇,洇,SayJack
堙,堙,SayJack
鄞,鄞,SayJack
夤,夤,SayJack
湮,湮,SayJack
英,英,SayJack
迎,迎,SayJack
硬,硬,SayJack
影,影,SayJack
映,映,SayJack
盈,盈,SayJack
膺,膺,SayJack
郢,郢,SayJack
瑛,瑛,SayJack
瀛,瀛,SayJack
楹,楹,SayJack
媵,媵,SayJack
嬴,嬴,SayJack
唷,唷,SayJack
佣,佣,SayJack
泳,泳,SayJack
庸,庸,SayJack
勇,勇,SayJack
永,永,SayJack
用,用,SayJack
涌,涌,SayJack
蛹,蛹,SayJack
饔,饔,SayJack
俑,俑,SayJack
邕,邕,SayJack
鄘,鄘,SayJack
蕹,蕹,SayJack
墉,墉,SayJack
雍,雍,SayJack
甬,甬,SayJack
慵,慵,SayJack
恿,恿,SayJack
臃,臃,SayJack
壅,壅,SayJack
喁,喁,SayJack
幽,幽,SayJack
柚,柚,SayJack
右,右,SayJack
游,游,SayJack
尤,尤,SayJack
友,友,SayJack
又,又,SayJack
油,油,SayJack
佑,佑,SayJack
由,由,SayJack
有,有,SayJack
悠,悠,SayJack
幼,幼,SayJack
鼬,鼬,SayJack
莠,莠,SayJack
牖,牖,SayJack
呦,呦,SayJack
羑,羑,SayJack
宥,宥,SayJack
蚴,蚴,SayJack
猷,猷,SayJack
蚰,蚰,SayJack
耰,耰,SayJack
酉,酉,SayJack
侑,侑,SayJack
釉,釉,SayJack
蝣,蝣,SayJack
疣,疣,SayJack
黝,黝,SayJack
攸,攸,SayJack
卣,卣,SayJack
囿,囿,SayJack
愚,愚,SayJack
豫,豫,SayJack
予,予,SayJack
淤,淤,SayJack
愉,愉,SayJack
浴,浴,SayJack
育,育,SayJack
寓,寓,SayJack
逾,逾,SayJack
宇,宇,SayJack
域,域,SayJack
裕,裕,SayJack
羽,羽,SayJack
雨,雨,SayJack
御,御,SayJack
喻,喻,SayJack
郁,郁,SayJack
愈,愈,SayJack
遇,遇,SayJack
玉,玉,SayJack
欲,欲,SayJack
芋,芋,SayJack
于,于,SayJack
余,余,SayJack
迂,迂,SayJack
榆,榆,SayJack
隅,隅,SayJack
嵎,嵎,SayJack
禺,禺,SayJack
堉,堉,SayJack
妤,妤,SayJack
竽,竽,SayJack
渝,渝,SayJack
瑜,瑜,SayJack
庾,庾,SayJack
聿,聿,SayJack
揄,揄,SayJack
盂,盂,SayJack
嵛,嵛,SayJack
雩,雩,SayJack
鬻,鬻,SayJack
燏,燏,SayJack
瘐,瘐,SayJack
禹,禹,SayJack
煜,煜,SayJack
蝓,蝓,SayJack
俞,俞,SayJack
蜮,蜮,SayJack
狳,狳,SayJack
圄,圄,SayJack
圉,圉,SayJack
腧,腧,SayJack
燠,燠,SayJack
窬,窬,SayJack
萸,萸,SayJack
窳,窳,SayJack
臾,臾,SayJack
毓,毓,SayJack
峪,峪,SayJack
腴,腴,SayJack
瑀,瑀,SayJack
昱,昱,SayJack
彧,彧,SayJack
虞,虞,SayJack
元,元,SayJack
原,原,SayJack
源,源,SayJack
冤,冤,SayJack
院,院,SayJack
援,援,SayJack
怨,怨,SayJack
猿,猿,SayJack
愿,愿,SayJack
袁,袁,SayJack
垣,垣,SayJack
苑,苑,SayJack
螈,螈,SayJack
圜,圜,SayJack
芫,芫,SayJack
瑗,瑗,SayJack
掾,掾,SayJack
箢,箢,SayJack
蜎,蜎,SayJack
湲,湲,SayJack
塬,塬,SayJack
爰,爰,SayJack
眢,眢,SayJack
媛,媛,SayJack
沅,沅,SayJack
悦,悦,SayJack
月,月,SayJack
岳,岳,SayJack
越,越,SayJack
樾,樾,SayJack
刖,刖,SayJack
龠,龠,SayJack
玥,玥,SayJack
曱,曱,SayJack
曰,曰,SayJack
瀹,瀹,SayJack
孕,孕,SayJack
允,允,SayJack
云,云,SayJack
耘,耘,SayJack
氲,氲,SayJack
筠,筠,SayJack
芸,芸,SayJack
熨,熨,SayJack
愠,愠,SayJack
鋆,鋆,SayJack
昀,昀,SayJack
狁,狁,SayJack
砸,砸,SayJack
咂,咂,SayJack
匝,匝,SayJack
宰,宰,SayJack
在,在,SayJack
再,再,SayJack
栽,栽,SayJack
崽,崽,SayJack
哉,哉,SayJack
咱,咱,SayJack
簪,簪,SayJack
糌,糌,SayJack
拶,拶,SayJack
昝,昝,SayJack
葬,葬,SayJack
奘,奘,SayJack
臧,臧,SayJack
牂,牂,SayJack
糟,糟,SayJack
澡,澡,SayJack
噪,噪,SayJack
蚤,蚤,SayJack
遭,遭,SayJack
早,早,SayJack
皂,皂,SayJack
燥,燥,SayJack
造,造,SayJack
藻,藻,SayJack
躁,躁,SayJack
灶,灶,SayJack
唣,唣,SayJack
慥,慥,SayJack
璪,璪,SayJack
迮,迮,SayJack
仄,仄,SayJack
舴,舴,SayJack
笮,笮,SayJack
昃,昃,SayJack
怎,怎,SayJack
憎,憎,SayJack
增,增,SayJack
甑,甑,SayJack
罾,罾,SayJack
炸,炸,SayJack
扎,扎,SayJack
喳,喳,SayJack
渣,渣,SayJack
眨,眨,SayJack
榨,榨,SayJack
乍,乍,SayJack
猹,猹,SayJack
溠,溠,SayJack
痄,痄,SayJack
栅,栅,SayJack
楂,楂,SayJack
膪,膪,SayJack
札,札,SayJack
蚱,蚱,SayJack
砟,砟,SayJack
咋,咋,SayJack
甴,甴,SayJack
揸,揸,SayJack
哳,哳,SayJack
窄,窄,SayJack
摘,摘,SayJack
宅,宅,SayJack
寨,寨,SayJack
瘵,瘵,SayJack
站,站,SayJack
沾,沾,SayJack
展,展,SayJack
瞻,瞻,SayJack
占,占,SayJack
蘸,蘸,SayJack
搌,搌,SayJack
拃,拃,SayJack
湛,湛,SayJack
旃,旃,SayJack
詹,詹,SayJack
障,障,SayJack
彰,彰,SayJack
章,章,SayJack
蟑,蟑,SayJack
杖,杖,SayJack
仗,仗,SayJack
掌,掌,SayJack
丈,丈,SayJack
樟,樟,SayJack
嶂,嶂,SayJack
嫜,嫜,SayJack
獐,獐,SayJack
鄣,鄣,SayJack
璋,璋,SayJack
幛,幛,SayJack
漳,漳,SayJack
仉,仉,SayJack
瘴,瘴,SayJack
沼,沼,SayJack
罩,罩,SayJack
朝,朝,SayJack
着,着,SayJack
召,召,SayJack
招,招,SayJack
找,找,SayJack
兆,兆,SayJack
照,照,SayJack
昭,昭,SayJack
肇,肇,SayJack
笊,笊,SayJack
遮,遮,SayJack
蔗,蔗,SayJack
折,折,SayJack
者,者,SayJack
哲,哲,SayJack
浙,浙,SayJack
褶,褶,SayJack
蜇,蜇,SayJack
晢,晢,SayJack
磔,磔,SayJack
柘,柘,SayJack
赭,赭,SayJack
珍,珍,SayJack
枕,枕,SayJack
震,震,SayJack
真,真,SayJack
振,振,SayJack
甄,甄,SayJack
疹,疹,SayJack
斟,斟,SayJack
榛,榛,SayJack
袗,袗,SayJack
圳,圳,SayJack
箴,箴,SayJack
畛,畛,SayJack
胗,胗,SayJack
砧,砧,SayJack
朕,朕,SayJack
蓁,蓁,SayJack
溱,溱,SayJack
臻,臻,SayJack
征,征,SayJack
症,症,SayJack
政,政,SayJack
蒸,蒸,SayJack
整,整,SayJack
拯,拯,SayJack
正,正,SayJack
怔,怔,SayJack
烝,烝,SayJack
芝,芝,SayJack
趾,趾,SayJack
秩,秩,SayJack
汁,汁,SayJack
窒,窒,SayJack
支,支,SayJack
炙,炙,SayJack
至,至,SayJack
制,制,SayJack
智,智,SayJack
致,致,SayJack
只,只,SayJack
直,直,SayJack
旨,旨,SayJack
址,址,SayJack
殖,殖,SayJack
知,知,SayJack
值,值,SayJack
治,治,SayJack
之,之,SayJack
肢,肢,SayJack
指,指,SayJack
置,置,SayJack
植,植,SayJack
志,志,SayJack
蜘,蜘,SayJack
枝,枝,SayJack
止,止,SayJack
吱,吱,SayJack
脂,脂,SayJack
稚,稚,SayJack
郅,郅,SayJack
枳,枳,SayJack
扺,扺,SayJack
痔,痔,SayJack
胝,胝,SayJack
沚,沚,SayJack
黹,黹,SayJack
埴,埴,SayJack
雉,雉,SayJack
峙,峙,SayJack
忮,忮,SayJack
芷,芷,SayJack
摭,摭,SayJack
蛭,蛭,SayJack
豸,豸,SayJack
陟,陟,SayJack
咫,咫,SayJack
痣,痣,SayJack
酯,酯,SayJack
滍,滍,SayJack
梽,梽,SayJack
彘,彘,SayJack
祉,祉,SayJack
庤,庤,SayJack
帙,帙,SayJack
祗,祗,SayJack
跖,跖,SayJack
桎,桎,SayJack
卮,卮,SayJack
中,中,SayJack
忠,忠,SayJack
衷,衷,SayJack
重,重,SayJack
仲,仲,SayJack
忪,忪,SayJack
盅,盅,SayJack
踵,踵,SayJack
冢,冢,SayJack
螽,螽,SayJack
洲,洲,SayJack
州,州,SayJack
帚,帚,SayJack
周,周,SayJack
粥,粥,SayJack
咒,咒,SayJack
舟,舟,SayJack
宙,宙,SayJack
肘,肘,SayJack
籀,籀,SayJack
啁,啁,SayJack
胄,胄,SayJack
酎,酎,SayJack
妯,妯,SayJack
柱,柱,SayJack
珠,珠,SayJack
竹,竹,SayJack
株,株,SayJack
煮,煮,SayJack
助,助,SayJack
主,主,SayJack
住,住,SayJack
蛛,蛛,SayJack
逐,逐,SayJack
注,注,SayJack
祝,祝,SayJack
蛀,蛀,SayJack
朱,朱,SayJack
拄,拄,SayJack
疰,疰,SayJack
竺,竺,SayJack
瘃,瘃,SayJack
箸,箸,SayJack
茱,茱,SayJack
筑,筑,SayJack
麈,麈,SayJack
邾,邾,SayJack
炷,炷,SayJack
翥,翥,SayJack
蠋,蠋,SayJack
杼,杼,SayJack
洙,洙,SayJack
舳,舳,SayJack
躅,躅,SayJack
侏,侏,SayJack
渚,渚,SayJack
爪,爪,SayJack
抓,抓,SayJack
撰,撰,SayJack
篆,篆,SayJack
撞,撞,SayJack
庄,庄,SayJack
追,追,SayJack
椎,椎,SayJack
惴,惴,SayJack
准,准,SayJack
肫,肫,SayJack
隼,隼,SayJack
窀,窀,SayJack
灼,灼,SayJack
琢,琢,SayJack
卓,卓,SayJack
茁,茁,SayJack
桌,桌,SayJack
啄,啄,SayJack
捉,捉,SayJack
拙,拙,SayJack
酌,酌,SayJack
棹,棹,SayJack
倬,倬,SayJack
禚,禚,SayJack
擢,擢,SayJack
濯,濯,SayJack
焯,焯,SayJack
斫,斫,SayJack
踔,踔,SayJack
涿,涿,SayJack
浞,浞,SayJack
紫,紫,SayJack
姊,姊,SayJack
姿,姿,SayJack
滋,滋,SayJack
仔,仔,SayJack
滓,滓,SayJack
自,自,SayJack
子,子,SayJack
字,字,SayJack
籽,籽,SayJack
咨,咨,SayJack
孜,孜,SayJack
梓,梓,SayJack
嵫,嵫,SayJack
甾,甾,SayJack
秭,秭,SayJack
嗞,嗞,SayJack
觜,觜,SayJack
訾,訾,SayJack
笫,笫,SayJack
孳,孳,SayJack
髭,髭,SayJack
茈,茈,SayJack
耔,耔,SayJack
淄,淄,SayJack
恣,恣,SayJack
呲,呲,SayJack
鼒,鼒,SayJack
宗,宗,SayJack
粽,粽,SayJack
棕,棕,SayJack
腙,腙,SayJack
鬃,鬃,SayJack
熜,熜,SayJack
奏,奏,SayJack
走,走,SayJack
揍,揍,SayJack
鄹,鄹,SayJack
陬,陬,SayJack
祖,祖,SayJack
租,租,SayJack
卒,卒,SayJack
族,族,SayJack
足,足,SayJack
阻,阻,SayJack
俎,俎,SayJack
攥,攥,SayJack
纂,纂,SayJack
嘴,嘴,SayJack
最,最,SayJack
醉,醉,SayJack
罪,罪,SayJack
蕞,蕞,SayJack
脧,脧,SayJack
遵,遵,SayJack
樽,樽,SayJack
尊,尊,SayJack
撙,撙,SayJack
做,做,SayJack
座,座,SayJack
作,作,SayJack
坐,坐,SayJack
昨,昨,SayJack
左,左,SayJack
祚,祚,SayJack
佐,佐,SayJack
胙,胙,SayJack
柞,柞,SayJack
唑,唑,SayJack
酢,酢,SayJack
嘬,嘬,SayJack
怍,怍,SayJack
阼,阼,SayJack
